,Iteration,Time,Fitness,FEvals,use_fast_mimic,Population Size,Keep Percent,max_iters
0,0,0.0014656999999829168,25.0,20.0,True,20,0.05,200
1,1,0.026710999999977503,30.0,42.0,True,20,0.05,200
2,2,0.03695449999997891,30.0,63.0,True,20,0.05,200
3,3,0.04719139999997424,30.0,84.0,True,20,0.05,200
4,4,0.05733149999997522,30.0,105.0,True,20,0.05,200
5,5,0.06671569999997473,30.0,126.0,True,20,0.05,200
6,6,0.07657139999997753,30.0,147.0,True,20,0.05,200
7,7,0.08594579999999041,30.0,168.0,True,20,0.05,200
8,8,0.09672810000000709,30.0,189.0,True,20,0.05,200
9,9,0.10748150000000578,30.0,210.0,True,20,0.05,200
10,10,0.11729639999998653,30.0,231.0,True,20,0.05,200
11,11,0.12748929999997927,30.0,252.0,True,20,0.05,200
12,12,0.1371936999999548,30.0,273.0,True,20,0.05,200
13,13,0.14720180000000482,30.0,294.0,True,20,0.05,200
14,14,0.15739459999997507,30.0,315.0,True,20,0.05,200
15,15,0.16701929999999265,30.0,336.0,True,20,0.05,200
16,16,0.17691839999997683,30.0,357.0,True,20,0.05,200
17,17,0.18714109999996253,30.0,378.0,True,20,0.05,200
18,18,0.19725039999997307,30.0,399.0,True,20,0.05,200
19,19,0.2078007999999727,30.0,420.0,True,20,0.05,200
20,20,0.2176087999999936,30.0,441.0,True,20,0.05,200
21,21,0.22768899999999803,30.0,462.0,True,20,0.05,200
22,22,0.23732530000000907,30.0,483.0,True,20,0.05,200
23,23,0.24744529999998122,30.0,504.0,True,20,0.05,200
24,24,0.2580784999999537,30.0,525.0,True,20,0.05,200
25,25,0.26806069999997817,30.0,546.0,True,20,0.05,200
26,26,0.2780630999999971,30.0,567.0,True,20,0.05,200
27,27,0.2876769000000081,30.0,588.0,True,20,0.05,200
28,28,0.2979060999999774,30.0,609.0,True,20,0.05,200
29,29,0.3079860999999937,30.0,630.0,True,20,0.05,200
30,30,0.3178946999999539,30.0,651.0,True,20,0.05,200
31,31,0.3279002999999534,30.0,672.0,True,20,0.05,200
32,32,0.3376777999999945,30.0,693.0,True,20,0.05,200
33,33,0.3478285999999571,30.0,714.0,True,20,0.05,200
34,34,0.357699499999967,30.0,735.0,True,20,0.05,200
35,35,0.367112499999962,30.0,756.0,True,20,0.05,200
36,36,0.37713589999998476,30.0,777.0,True,20,0.05,200
37,37,0.3866302999999789,30.0,798.0,True,20,0.05,200
38,38,0.3964384999999879,30.0,819.0,True,20,0.05,200
39,39,0.4064232000000061,30.0,840.0,True,20,0.05,200
40,40,0.41564829999998665,30.0,861.0,True,20,0.05,200
41,41,0.42553549999996676,30.0,882.0,True,20,0.05,200
42,42,0.43472709999997505,30.0,903.0,True,20,0.05,200
43,43,0.44440819999999803,30.0,924.0,True,20,0.05,200
44,44,0.45405940000000555,30.0,945.0,True,20,0.05,200
45,45,0.46365459999998393,30.0,966.0,True,20,0.05,200
46,46,0.4735590999999886,30.0,987.0,True,20,0.05,200
47,47,0.482678299999975,30.0,1008.0,True,20,0.05,200
48,48,0.4924272000000087,30.0,1029.0,True,20,0.05,200
49,49,0.5016154999999571,30.0,1050.0,True,20,0.05,200
50,50,0.5111491999999771,30.0,1071.0,True,20,0.05,200
51,51,0.5207937999999785,30.0,1092.0,True,20,0.05,200
52,52,0.5302051999999549,30.0,1113.0,True,20,0.05,200
53,53,0.5398160999999959,30.0,1134.0,True,20,0.05,200
54,54,0.5488040999999839,30.0,1155.0,True,20,0.05,200
55,55,0.5584723000000054,30.0,1176.0,True,20,0.05,200
56,56,0.5676660999999967,30.0,1197.0,True,20,0.05,200
57,57,0.577073299999995,30.0,1218.0,True,20,0.05,200
58,58,0.5865023999999721,30.0,1239.0,True,20,0.05,200
59,59,0.5959406999999715,30.0,1260.0,True,20,0.05,200
60,60,0.6051880999999639,30.0,1281.0,True,20,0.05,200
61,61,0.6146210999999653,30.0,1302.0,True,20,0.05,200
62,62,0.6243076000000087,30.0,1323.0,True,20,0.05,200
63,63,0.6333457000000067,30.0,1344.0,True,20,0.05,200
64,64,0.6427732999999876,30.0,1365.0,True,20,0.05,200
65,65,0.6521346999999764,30.0,1386.0,True,20,0.05,200
66,66,0.6615128999999911,30.0,1407.0,True,20,0.05,200
67,67,0.6707776000000081,30.0,1428.0,True,20,0.05,200
68,68,0.6802796000000058,30.0,1449.0,True,20,0.05,200
69,69,0.6898331999999527,30.0,1470.0,True,20,0.05,200
70,70,0.6989939999999706,30.0,1491.0,True,20,0.05,200
71,71,0.7086069999999722,30.0,1512.0,True,20,0.05,200
72,72,0.7176385999999866,30.0,1533.0,True,20,0.05,200
73,73,0.7273890999999821,30.0,1554.0,True,20,0.05,200
74,74,0.7366482999999562,30.0,1575.0,True,20,0.05,200
75,75,0.7460942999999816,30.0,1596.0,True,20,0.05,200
76,76,0.7551969999999528,30.0,1617.0,True,20,0.05,200
77,77,0.7646338999999784,30.0,1638.0,True,20,0.05,200
78,78,0.7742164000000002,30.0,1659.0,True,20,0.05,200
79,79,0.7831751999999597,30.0,1680.0,True,20,0.05,200
80,80,0.7926808999999935,30.0,1701.0,True,20,0.05,200
81,81,0.8018900999999801,30.0,1722.0,True,20,0.05,200
82,82,0.8113078999999743,30.0,1743.0,True,20,0.05,200
83,83,0.8205798999999843,30.0,1764.0,True,20,0.05,200
84,84,0.8301588999999581,30.0,1785.0,True,20,0.05,200
85,85,0.8397594999999569,30.0,1806.0,True,20,0.05,200
86,86,0.848972099999969,30.0,1827.0,True,20,0.05,200
87,87,0.858618999999976,30.0,1848.0,True,20,0.05,200
88,88,0.8679096999999842,30.0,1869.0,True,20,0.05,200
89,89,0.8774852999999894,30.0,1890.0,True,20,0.05,200
90,90,0.8867849999999748,30.0,1911.0,True,20,0.05,200
91,91,0.8963440999999648,30.0,1932.0,True,20,0.05,200
92,92,0.9056870000000004,30.0,1953.0,True,20,0.05,200
93,93,0.9153215999999702,30.0,1974.0,True,20,0.05,200
94,94,0.9248245999999654,30.0,1995.0,True,20,0.05,200
95,95,0.9342972000000032,30.0,2016.0,True,20,0.05,200
96,96,0.9436564000000089,30.0,2037.0,True,20,0.05,200
97,97,0.9529339999999706,30.0,2058.0,True,20,0.05,200
98,98,0.9623279999999568,30.0,2079.0,True,20,0.05,200
99,99,0.9714936999999964,30.0,2100.0,True,20,0.05,200
100,100,0.9824644999999919,30.0,2121.0,True,20,0.05,200
101,101,0.992011199999979,30.0,2142.0,True,20,0.05,200
102,0,0.0014656999999829168,25.0,20.0,True,20,0.1,200
103,1,0.026710999999977503,33.0,42.0,True,20,0.1,200
104,2,0.03695449999997891,35.0,64.0,True,20,0.1,200
105,3,0.04719139999997424,35.0,85.0,True,20,0.1,200
106,4,0.05733149999997522,35.0,106.0,True,20,0.1,200
107,5,0.06671569999997473,35.0,127.0,True,20,0.1,200
108,6,0.07657139999997753,35.0,148.0,True,20,0.1,200
109,7,0.08594579999999041,35.0,169.0,True,20,0.1,200
110,8,0.09672810000000709,35.0,190.0,True,20,0.1,200
111,9,0.10748150000000578,35.0,211.0,True,20,0.1,200
112,10,0.11729639999998653,35.0,232.0,True,20,0.1,200
113,11,0.12748929999997927,35.0,253.0,True,20,0.1,200
114,12,0.1371936999999548,35.0,274.0,True,20,0.1,200
115,13,0.14720180000000482,35.0,295.0,True,20,0.1,200
116,14,0.15739459999997507,35.0,316.0,True,20,0.1,200
117,15,0.16701929999999265,35.0,337.0,True,20,0.1,200
118,16,0.17691839999997683,35.0,358.0,True,20,0.1,200
119,17,0.18714109999996253,35.0,379.0,True,20,0.1,200
120,18,0.19725039999997307,35.0,400.0,True,20,0.1,200
121,19,0.2078007999999727,35.0,421.0,True,20,0.1,200
122,20,0.2176087999999936,35.0,442.0,True,20,0.1,200
123,21,0.22768899999999803,35.0,463.0,True,20,0.1,200
124,22,0.23732530000000907,35.0,484.0,True,20,0.1,200
125,23,0.24744529999998122,35.0,505.0,True,20,0.1,200
126,24,0.2580784999999537,35.0,526.0,True,20,0.1,200
127,25,0.26806069999997817,35.0,547.0,True,20,0.1,200
128,26,0.2780630999999971,35.0,568.0,True,20,0.1,200
129,27,0.2876769000000081,35.0,589.0,True,20,0.1,200
130,28,0.2979060999999774,35.0,610.0,True,20,0.1,200
131,29,0.3079860999999937,35.0,631.0,True,20,0.1,200
132,30,0.3178946999999539,35.0,652.0,True,20,0.1,200
133,31,0.3279002999999534,35.0,673.0,True,20,0.1,200
134,32,0.3376777999999945,35.0,694.0,True,20,0.1,200
135,33,0.3478285999999571,35.0,715.0,True,20,0.1,200
136,34,0.357699499999967,35.0,736.0,True,20,0.1,200
137,35,0.367112499999962,35.0,757.0,True,20,0.1,200
138,36,0.37713589999998476,35.0,778.0,True,20,0.1,200
139,37,0.3866302999999789,35.0,799.0,True,20,0.1,200
140,38,0.3964384999999879,35.0,820.0,True,20,0.1,200
141,39,0.4064232000000061,35.0,841.0,True,20,0.1,200
142,40,0.41564829999998665,35.0,862.0,True,20,0.1,200
143,41,0.42553549999996676,35.0,883.0,True,20,0.1,200
144,42,0.43472709999997505,35.0,904.0,True,20,0.1,200
145,43,0.44440819999999803,35.0,925.0,True,20,0.1,200
146,44,0.45405940000000555,35.0,946.0,True,20,0.1,200
147,45,0.46365459999998393,35.0,967.0,True,20,0.1,200
148,46,0.4735590999999886,35.0,988.0,True,20,0.1,200
149,47,0.482678299999975,35.0,1009.0,True,20,0.1,200
150,48,0.4924272000000087,35.0,1030.0,True,20,0.1,200
151,49,0.5016154999999571,35.0,1051.0,True,20,0.1,200
152,50,0.5111491999999771,35.0,1072.0,True,20,0.1,200
153,51,0.5207937999999785,35.0,1093.0,True,20,0.1,200
154,52,0.5302051999999549,35.0,1114.0,True,20,0.1,200
155,53,0.5398160999999959,35.0,1135.0,True,20,0.1,200
156,54,0.5488040999999839,35.0,1156.0,True,20,0.1,200
157,55,0.5584723000000054,35.0,1177.0,True,20,0.1,200
158,56,0.5676660999999967,35.0,1198.0,True,20,0.1,200
159,57,0.577073299999995,35.0,1219.0,True,20,0.1,200
160,58,0.5865023999999721,35.0,1240.0,True,20,0.1,200
161,59,0.5959406999999715,35.0,1261.0,True,20,0.1,200
162,60,0.6051880999999639,35.0,1282.0,True,20,0.1,200
163,61,0.6146210999999653,35.0,1303.0,True,20,0.1,200
164,62,0.6243076000000087,35.0,1324.0,True,20,0.1,200
165,63,0.6333457000000067,35.0,1345.0,True,20,0.1,200
166,64,0.6427732999999876,35.0,1366.0,True,20,0.1,200
167,65,0.6521346999999764,35.0,1387.0,True,20,0.1,200
168,66,0.6615128999999911,35.0,1408.0,True,20,0.1,200
169,67,0.6707776000000081,35.0,1429.0,True,20,0.1,200
170,68,0.6802796000000058,35.0,1450.0,True,20,0.1,200
171,69,0.6898331999999527,35.0,1471.0,True,20,0.1,200
172,70,0.6989939999999706,35.0,1492.0,True,20,0.1,200
173,71,0.7086069999999722,35.0,1513.0,True,20,0.1,200
174,72,0.7176385999999866,35.0,1534.0,True,20,0.1,200
175,73,0.7273890999999821,35.0,1555.0,True,20,0.1,200
176,74,0.7366482999999562,35.0,1576.0,True,20,0.1,200
177,75,0.7460942999999816,35.0,1597.0,True,20,0.1,200
178,76,0.7551969999999528,35.0,1618.0,True,20,0.1,200
179,77,0.7646338999999784,35.0,1639.0,True,20,0.1,200
180,78,0.7742164000000002,35.0,1660.0,True,20,0.1,200
181,79,0.7831751999999597,35.0,1681.0,True,20,0.1,200
182,80,0.7926808999999935,35.0,1702.0,True,20,0.1,200
183,81,0.8018900999999801,35.0,1723.0,True,20,0.1,200
184,82,0.8113078999999743,35.0,1744.0,True,20,0.1,200
185,83,0.8205798999999843,35.0,1765.0,True,20,0.1,200
186,84,0.8301588999999581,35.0,1786.0,True,20,0.1,200
187,85,0.8397594999999569,35.0,1807.0,True,20,0.1,200
188,86,0.848972099999969,35.0,1828.0,True,20,0.1,200
189,87,0.858618999999976,35.0,1849.0,True,20,0.1,200
190,88,0.8679096999999842,35.0,1870.0,True,20,0.1,200
191,89,0.8774852999999894,35.0,1891.0,True,20,0.1,200
192,90,0.8867849999999748,35.0,1912.0,True,20,0.1,200
193,91,0.8963440999999648,35.0,1933.0,True,20,0.1,200
194,92,0.9056870000000004,35.0,1954.0,True,20,0.1,200
195,93,0.9153215999999702,35.0,1975.0,True,20,0.1,200
196,94,0.9248245999999654,35.0,1996.0,True,20,0.1,200
197,95,0.9342972000000032,35.0,2017.0,True,20,0.1,200
198,96,0.9436564000000089,35.0,2038.0,True,20,0.1,200
199,97,0.9529339999999706,35.0,2059.0,True,20,0.1,200
200,98,0.9623279999999568,35.0,2080.0,True,20,0.1,200
201,99,0.9714936999999964,35.0,2101.0,True,20,0.1,200
202,100,0.9824644999999919,35.0,2122.0,True,20,0.1,200
203,101,0.992011199999979,35.0,2143.0,True,20,0.1,200
204,102,0.00045660000000680157,35.0,2164.0,True,20,0.1,200
205,0,0.0014656999999829168,25.0,20.0,True,20,0.4,200
206,1,0.026710999999977503,34.0,42.0,True,20,0.4,200
207,2,0.03695449999997891,34.0,63.0,True,20,0.4,200
208,3,0.04719139999997424,35.0,85.0,True,20,0.4,200
209,4,0.05733149999997522,35.0,106.0,True,20,0.4,200
210,5,0.06671569999997473,35.0,127.0,True,20,0.4,200
211,6,0.07657139999997753,35.0,148.0,True,20,0.4,200
212,7,0.08594579999999041,35.0,169.0,True,20,0.4,200
213,8,0.09672810000000709,35.0,190.0,True,20,0.4,200
214,9,0.10748150000000578,35.0,211.0,True,20,0.4,200
215,10,0.11729639999998653,35.0,232.0,True,20,0.4,200
216,11,0.12748929999997927,35.0,253.0,True,20,0.4,200
217,12,0.1371936999999548,35.0,274.0,True,20,0.4,200
218,13,0.14720180000000482,35.0,295.0,True,20,0.4,200
219,14,0.15739459999997507,35.0,316.0,True,20,0.4,200
220,15,0.16701929999999265,35.0,337.0,True,20,0.4,200
221,16,0.17691839999997683,35.0,358.0,True,20,0.4,200
222,17,0.18714109999996253,35.0,379.0,True,20,0.4,200
223,18,0.19725039999997307,35.0,400.0,True,20,0.4,200
224,19,0.2078007999999727,35.0,421.0,True,20,0.4,200
225,20,0.2176087999999936,35.0,442.0,True,20,0.4,200
226,21,0.22768899999999803,35.0,463.0,True,20,0.4,200
227,22,0.23732530000000907,35.0,484.0,True,20,0.4,200
228,23,0.24744529999998122,35.0,505.0,True,20,0.4,200
229,24,0.2580784999999537,35.0,526.0,True,20,0.4,200
230,25,0.26806069999997817,35.0,547.0,True,20,0.4,200
231,26,0.2780630999999971,35.0,568.0,True,20,0.4,200
232,27,0.2876769000000081,35.0,589.0,True,20,0.4,200
233,28,0.2979060999999774,35.0,610.0,True,20,0.4,200
234,29,0.3079860999999937,35.0,631.0,True,20,0.4,200
235,30,0.3178946999999539,35.0,652.0,True,20,0.4,200
236,31,0.3279002999999534,35.0,673.0,True,20,0.4,200
237,32,0.3376777999999945,35.0,694.0,True,20,0.4,200
238,33,0.3478285999999571,35.0,715.0,True,20,0.4,200
239,34,0.357699499999967,35.0,736.0,True,20,0.4,200
240,35,0.367112499999962,35.0,757.0,True,20,0.4,200
241,36,0.37713589999998476,35.0,778.0,True,20,0.4,200
242,37,0.3866302999999789,35.0,799.0,True,20,0.4,200
243,38,0.3964384999999879,35.0,820.0,True,20,0.4,200
244,39,0.4064232000000061,35.0,841.0,True,20,0.4,200
245,40,0.41564829999998665,35.0,862.0,True,20,0.4,200
246,41,0.42553549999996676,35.0,883.0,True,20,0.4,200
247,42,0.43472709999997505,35.0,904.0,True,20,0.4,200
248,43,0.44440819999999803,35.0,925.0,True,20,0.4,200
249,44,0.45405940000000555,35.0,946.0,True,20,0.4,200
250,45,0.46365459999998393,35.0,967.0,True,20,0.4,200
251,46,0.4735590999999886,35.0,988.0,True,20,0.4,200
252,47,0.482678299999975,35.0,1009.0,True,20,0.4,200
253,48,0.4924272000000087,35.0,1030.0,True,20,0.4,200
254,49,0.5016154999999571,35.0,1051.0,True,20,0.4,200
255,50,0.5111491999999771,35.0,1072.0,True,20,0.4,200
256,51,0.5207937999999785,35.0,1093.0,True,20,0.4,200
257,52,0.5302051999999549,35.0,1114.0,True,20,0.4,200
258,53,0.5398160999999959,35.0,1135.0,True,20,0.4,200
259,54,0.5488040999999839,35.0,1156.0,True,20,0.4,200
260,55,0.5584723000000054,35.0,1177.0,True,20,0.4,200
261,56,0.5676660999999967,35.0,1198.0,True,20,0.4,200
262,57,0.577073299999995,35.0,1219.0,True,20,0.4,200
263,58,0.5865023999999721,35.0,1240.0,True,20,0.4,200
264,59,0.5959406999999715,35.0,1261.0,True,20,0.4,200
265,60,0.6051880999999639,35.0,1282.0,True,20,0.4,200
266,61,0.6146210999999653,35.0,1303.0,True,20,0.4,200
267,62,0.6243076000000087,35.0,1324.0,True,20,0.4,200
268,63,0.6333457000000067,35.0,1345.0,True,20,0.4,200
269,64,0.6427732999999876,35.0,1366.0,True,20,0.4,200
270,65,0.6521346999999764,35.0,1387.0,True,20,0.4,200
271,66,0.6615128999999911,35.0,1408.0,True,20,0.4,200
272,67,0.6707776000000081,35.0,1429.0,True,20,0.4,200
273,68,0.6802796000000058,35.0,1450.0,True,20,0.4,200
274,69,0.6898331999999527,35.0,1471.0,True,20,0.4,200
275,70,0.6989939999999706,35.0,1492.0,True,20,0.4,200
276,71,0.7086069999999722,35.0,1513.0,True,20,0.4,200
277,72,0.7176385999999866,35.0,1534.0,True,20,0.4,200
278,73,0.7273890999999821,35.0,1555.0,True,20,0.4,200
279,74,0.7366482999999562,35.0,1576.0,True,20,0.4,200
280,75,0.7460942999999816,35.0,1597.0,True,20,0.4,200
281,76,0.7551969999999528,35.0,1618.0,True,20,0.4,200
282,77,0.7646338999999784,35.0,1639.0,True,20,0.4,200
283,78,0.7742164000000002,35.0,1660.0,True,20,0.4,200
284,79,0.7831751999999597,35.0,1681.0,True,20,0.4,200
285,80,0.7926808999999935,35.0,1702.0,True,20,0.4,200
286,81,0.8018900999999801,35.0,1723.0,True,20,0.4,200
287,82,0.8113078999999743,35.0,1744.0,True,20,0.4,200
288,83,0.8205798999999843,35.0,1765.0,True,20,0.4,200
289,84,0.8301588999999581,35.0,1786.0,True,20,0.4,200
290,85,0.8397594999999569,35.0,1807.0,True,20,0.4,200
291,86,0.848972099999969,35.0,1828.0,True,20,0.4,200
292,87,0.858618999999976,35.0,1849.0,True,20,0.4,200
293,88,0.8679096999999842,35.0,1870.0,True,20,0.4,200
294,89,0.8774852999999894,35.0,1891.0,True,20,0.4,200
295,90,0.8867849999999748,35.0,1912.0,True,20,0.4,200
296,91,0.8963440999999648,35.0,1933.0,True,20,0.4,200
297,92,0.9056870000000004,35.0,1954.0,True,20,0.4,200
298,93,0.9153215999999702,35.0,1975.0,True,20,0.4,200
299,94,0.9248245999999654,35.0,1996.0,True,20,0.4,200
300,95,0.9342972000000032,35.0,2017.0,True,20,0.4,200
301,96,0.9436564000000089,35.0,2038.0,True,20,0.4,200
302,97,0.9529339999999706,35.0,2059.0,True,20,0.4,200
303,98,0.9623279999999568,35.0,2080.0,True,20,0.4,200
304,99,0.9714936999999964,35.0,2101.0,True,20,0.4,200
305,100,0.9824644999999919,35.0,2122.0,True,20,0.4,200
306,101,0.992011199999979,35.0,2143.0,True,20,0.4,200
307,102,0.00045660000000680157,35.0,2164.0,True,20,0.4,200
308,103,0.014282100000002629,35.0,2185.0,True,20,0.4,200
309,0,0.0014656999999829168,25.0,20.0,True,20,0.8,200
310,1,0.026710999999977503,30.0,42.0,True,20,0.8,200
311,2,0.03695449999997891,30.0,63.0,True,20,0.8,200
312,3,0.04719139999997424,32.0,85.0,True,20,0.8,200
313,4,0.05733149999997522,32.0,106.0,True,20,0.8,200
314,5,0.06671569999997473,33.0,128.0,True,20,0.8,200
315,6,0.07657139999997753,33.0,149.0,True,20,0.8,200
316,7,0.08594579999999041,34.0,171.0,True,20,0.8,200
317,8,0.09672810000000709,34.0,192.0,True,20,0.8,200
318,9,0.10748150000000578,34.0,213.0,True,20,0.8,200
319,10,0.11729639999998653,34.0,234.0,True,20,0.8,200
320,11,0.12748929999997927,34.0,255.0,True,20,0.8,200
321,12,0.1371936999999548,34.0,276.0,True,20,0.8,200
322,13,0.14720180000000482,34.0,297.0,True,20,0.8,200
323,14,0.15739459999997507,34.0,318.0,True,20,0.8,200
324,15,0.16701929999999265,34.0,339.0,True,20,0.8,200
325,16,0.17691839999997683,34.0,360.0,True,20,0.8,200
326,17,0.18714109999996253,34.0,381.0,True,20,0.8,200
327,18,0.19725039999997307,34.0,402.0,True,20,0.8,200
328,19,0.2078007999999727,34.0,423.0,True,20,0.8,200
329,20,0.2176087999999936,34.0,444.0,True,20,0.8,200
330,21,0.22768899999999803,34.0,465.0,True,20,0.8,200
331,22,0.23732530000000907,34.0,486.0,True,20,0.8,200
332,23,0.24744529999998122,34.0,507.0,True,20,0.8,200
333,24,0.2580784999999537,34.0,528.0,True,20,0.8,200
334,25,0.26806069999997817,34.0,549.0,True,20,0.8,200
335,26,0.2780630999999971,34.0,570.0,True,20,0.8,200
336,27,0.2876769000000081,34.0,591.0,True,20,0.8,200
337,28,0.2979060999999774,34.0,612.0,True,20,0.8,200
338,29,0.3079860999999937,34.0,633.0,True,20,0.8,200
339,30,0.3178946999999539,34.0,654.0,True,20,0.8,200
340,31,0.3279002999999534,34.0,675.0,True,20,0.8,200
341,32,0.3376777999999945,34.0,696.0,True,20,0.8,200
342,33,0.3478285999999571,34.0,717.0,True,20,0.8,200
343,34,0.357699499999967,34.0,738.0,True,20,0.8,200
344,35,0.367112499999962,34.0,759.0,True,20,0.8,200
345,36,0.37713589999998476,34.0,780.0,True,20,0.8,200
346,37,0.3866302999999789,34.0,801.0,True,20,0.8,200
347,38,0.3964384999999879,34.0,822.0,True,20,0.8,200
348,39,0.4064232000000061,34.0,843.0,True,20,0.8,200
349,40,0.41564829999998665,34.0,864.0,True,20,0.8,200
350,41,0.42553549999996676,34.0,885.0,True,20,0.8,200
351,42,0.43472709999997505,34.0,906.0,True,20,0.8,200
352,43,0.44440819999999803,34.0,927.0,True,20,0.8,200
353,44,0.45405940000000555,34.0,948.0,True,20,0.8,200
354,45,0.46365459999998393,34.0,969.0,True,20,0.8,200
355,46,0.4735590999999886,34.0,990.0,True,20,0.8,200
356,47,0.482678299999975,34.0,1011.0,True,20,0.8,200
357,48,0.4924272000000087,34.0,1032.0,True,20,0.8,200
358,49,0.5016154999999571,34.0,1053.0,True,20,0.8,200
359,50,0.5111491999999771,34.0,1074.0,True,20,0.8,200
360,51,0.5207937999999785,34.0,1095.0,True,20,0.8,200
361,52,0.5302051999999549,34.0,1116.0,True,20,0.8,200
362,53,0.5398160999999959,34.0,1137.0,True,20,0.8,200
363,54,0.5488040999999839,34.0,1158.0,True,20,0.8,200
364,55,0.5584723000000054,34.0,1179.0,True,20,0.8,200
365,56,0.5676660999999967,34.0,1200.0,True,20,0.8,200
366,57,0.577073299999995,34.0,1221.0,True,20,0.8,200
367,58,0.5865023999999721,34.0,1242.0,True,20,0.8,200
368,59,0.5959406999999715,34.0,1263.0,True,20,0.8,200
369,60,0.6051880999999639,34.0,1284.0,True,20,0.8,200
370,61,0.6146210999999653,34.0,1305.0,True,20,0.8,200
371,62,0.6243076000000087,34.0,1326.0,True,20,0.8,200
372,63,0.6333457000000067,34.0,1347.0,True,20,0.8,200
373,64,0.6427732999999876,34.0,1368.0,True,20,0.8,200
374,65,0.6521346999999764,34.0,1389.0,True,20,0.8,200
375,66,0.6615128999999911,34.0,1410.0,True,20,0.8,200
376,67,0.6707776000000081,34.0,1431.0,True,20,0.8,200
377,68,0.6802796000000058,34.0,1452.0,True,20,0.8,200
378,69,0.6898331999999527,34.0,1473.0,True,20,0.8,200
379,70,0.6989939999999706,34.0,1494.0,True,20,0.8,200
380,71,0.7086069999999722,34.0,1515.0,True,20,0.8,200
381,72,0.7176385999999866,34.0,1536.0,True,20,0.8,200
382,73,0.7273890999999821,34.0,1557.0,True,20,0.8,200
383,74,0.7366482999999562,34.0,1578.0,True,20,0.8,200
384,75,0.7460942999999816,34.0,1599.0,True,20,0.8,200
385,76,0.7551969999999528,34.0,1620.0,True,20,0.8,200
386,77,0.7646338999999784,34.0,1641.0,True,20,0.8,200
387,78,0.7742164000000002,34.0,1662.0,True,20,0.8,200
388,79,0.7831751999999597,34.0,1683.0,True,20,0.8,200
389,80,0.7926808999999935,34.0,1704.0,True,20,0.8,200
390,81,0.8018900999999801,34.0,1725.0,True,20,0.8,200
391,82,0.8113078999999743,34.0,1746.0,True,20,0.8,200
392,83,0.8205798999999843,34.0,1767.0,True,20,0.8,200
393,84,0.8301588999999581,34.0,1788.0,True,20,0.8,200
394,85,0.8397594999999569,34.0,1809.0,True,20,0.8,200
395,86,0.848972099999969,34.0,1830.0,True,20,0.8,200
396,87,0.858618999999976,34.0,1851.0,True,20,0.8,200
397,88,0.8679096999999842,34.0,1872.0,True,20,0.8,200
398,89,0.8774852999999894,34.0,1893.0,True,20,0.8,200
399,90,0.8867849999999748,34.0,1914.0,True,20,0.8,200
400,91,0.8963440999999648,34.0,1935.0,True,20,0.8,200
401,92,0.9056870000000004,34.0,1956.0,True,20,0.8,200
402,93,0.9153215999999702,34.0,1977.0,True,20,0.8,200
403,94,0.9248245999999654,34.0,1998.0,True,20,0.8,200
404,95,0.9342972000000032,34.0,2019.0,True,20,0.8,200
405,96,0.9436564000000089,34.0,2040.0,True,20,0.8,200
406,97,0.9529339999999706,34.0,2061.0,True,20,0.8,200
407,98,0.9623279999999568,34.0,2082.0,True,20,0.8,200
408,99,0.9714936999999964,34.0,2103.0,True,20,0.8,200
409,100,0.9824644999999919,34.0,2124.0,True,20,0.8,200
410,101,0.992011199999979,34.0,2145.0,True,20,0.8,200
411,102,0.00045660000000680157,34.0,2166.0,True,20,0.8,200
412,103,0.014282100000002629,34.0,2187.0,True,20,0.8,200
413,104,0.030755999999996675,34.0,2208.0,True,20,0.8,200
414,105,0.045583399999998164,34.0,2229.0,True,20,0.8,200
415,106,0.06528559999998151,34.0,2250.0,True,20,0.8,200
416,107,0.079538800000023,34.0,2271.0,True,20,0.8,200
417,0,0.0014656999999829168,25.0,50.0,True,50,0.05,200
418,1,0.026710999999977503,37.0,102.0,True,50,0.05,200
419,2,0.03695449999997891,37.0,153.0,True,50,0.05,200
420,3,0.04719139999997424,37.0,204.0,True,50,0.05,200
421,4,0.05733149999997522,37.0,255.0,True,50,0.05,200
422,5,0.06671569999997473,37.0,306.0,True,50,0.05,200
423,6,0.07657139999997753,37.0,357.0,True,50,0.05,200
424,7,0.08594579999999041,37.0,408.0,True,50,0.05,200
425,8,0.09672810000000709,37.0,459.0,True,50,0.05,200
426,9,0.10748150000000578,37.0,510.0,True,50,0.05,200
427,10,0.11729639999998653,37.0,561.0,True,50,0.05,200
428,11,0.12748929999997927,37.0,612.0,True,50,0.05,200
429,12,0.1371936999999548,37.0,663.0,True,50,0.05,200
430,13,0.14720180000000482,37.0,714.0,True,50,0.05,200
431,14,0.15739459999997507,37.0,765.0,True,50,0.05,200
432,15,0.16701929999999265,37.0,816.0,True,50,0.05,200
433,16,0.17691839999997683,37.0,867.0,True,50,0.05,200
434,17,0.18714109999996253,37.0,918.0,True,50,0.05,200
435,18,0.19725039999997307,37.0,969.0,True,50,0.05,200
436,19,0.2078007999999727,37.0,1020.0,True,50,0.05,200
437,20,0.2176087999999936,37.0,1071.0,True,50,0.05,200
438,21,0.22768899999999803,37.0,1122.0,True,50,0.05,200
439,22,0.23732530000000907,37.0,1173.0,True,50,0.05,200
440,23,0.24744529999998122,37.0,1224.0,True,50,0.05,200
441,24,0.2580784999999537,37.0,1275.0,True,50,0.05,200
442,25,0.26806069999997817,37.0,1326.0,True,50,0.05,200
443,26,0.2780630999999971,37.0,1377.0,True,50,0.05,200
444,27,0.2876769000000081,37.0,1428.0,True,50,0.05,200
445,28,0.2979060999999774,37.0,1479.0,True,50,0.05,200
446,29,0.3079860999999937,37.0,1530.0,True,50,0.05,200
447,30,0.3178946999999539,37.0,1581.0,True,50,0.05,200
448,31,0.3279002999999534,37.0,1632.0,True,50,0.05,200
449,32,0.3376777999999945,37.0,1683.0,True,50,0.05,200
450,33,0.3478285999999571,37.0,1734.0,True,50,0.05,200
451,34,0.357699499999967,37.0,1785.0,True,50,0.05,200
452,35,0.367112499999962,37.0,1836.0,True,50,0.05,200
453,36,0.37713589999998476,37.0,1887.0,True,50,0.05,200
454,37,0.3866302999999789,37.0,1938.0,True,50,0.05,200
455,38,0.3964384999999879,37.0,1989.0,True,50,0.05,200
456,39,0.4064232000000061,37.0,2040.0,True,50,0.05,200
457,40,0.41564829999998665,37.0,2091.0,True,50,0.05,200
458,41,0.42553549999996676,37.0,2142.0,True,50,0.05,200
459,42,0.43472709999997505,37.0,2193.0,True,50,0.05,200
460,43,0.44440819999999803,37.0,2244.0,True,50,0.05,200
461,44,0.45405940000000555,37.0,2295.0,True,50,0.05,200
462,45,0.46365459999998393,37.0,2346.0,True,50,0.05,200
463,46,0.4735590999999886,37.0,2397.0,True,50,0.05,200
464,47,0.482678299999975,37.0,2448.0,True,50,0.05,200
465,48,0.4924272000000087,37.0,2499.0,True,50,0.05,200
466,49,0.5016154999999571,37.0,2550.0,True,50,0.05,200
467,50,0.5111491999999771,37.0,2601.0,True,50,0.05,200
468,51,0.5207937999999785,37.0,2652.0,True,50,0.05,200
469,52,0.5302051999999549,37.0,2703.0,True,50,0.05,200
470,53,0.5398160999999959,37.0,2754.0,True,50,0.05,200
471,54,0.5488040999999839,37.0,2805.0,True,50,0.05,200
472,55,0.5584723000000054,37.0,2856.0,True,50,0.05,200
473,56,0.5676660999999967,37.0,2907.0,True,50,0.05,200
474,57,0.577073299999995,37.0,2958.0,True,50,0.05,200
475,58,0.5865023999999721,37.0,3009.0,True,50,0.05,200
476,59,0.5959406999999715,37.0,3060.0,True,50,0.05,200
477,60,0.6051880999999639,37.0,3111.0,True,50,0.05,200
478,61,0.6146210999999653,37.0,3162.0,True,50,0.05,200
479,62,0.6243076000000087,37.0,3213.0,True,50,0.05,200
480,63,0.6333457000000067,37.0,3264.0,True,50,0.05,200
481,64,0.6427732999999876,37.0,3315.0,True,50,0.05,200
482,65,0.6521346999999764,37.0,3366.0,True,50,0.05,200
483,66,0.6615128999999911,37.0,3417.0,True,50,0.05,200
484,67,0.6707776000000081,37.0,3468.0,True,50,0.05,200
485,68,0.6802796000000058,37.0,3519.0,True,50,0.05,200
486,69,0.6898331999999527,37.0,3570.0,True,50,0.05,200
487,70,0.6989939999999706,37.0,3621.0,True,50,0.05,200
488,71,0.7086069999999722,37.0,3672.0,True,50,0.05,200
489,72,0.7176385999999866,37.0,3723.0,True,50,0.05,200
490,73,0.7273890999999821,37.0,3774.0,True,50,0.05,200
491,74,0.7366482999999562,37.0,3825.0,True,50,0.05,200
492,75,0.7460942999999816,37.0,3876.0,True,50,0.05,200
493,76,0.7551969999999528,37.0,3927.0,True,50,0.05,200
494,77,0.7646338999999784,37.0,3978.0,True,50,0.05,200
495,78,0.7742164000000002,37.0,4029.0,True,50,0.05,200
496,79,0.7831751999999597,37.0,4080.0,True,50,0.05,200
497,80,0.7926808999999935,37.0,4131.0,True,50,0.05,200
498,81,0.8018900999999801,37.0,4182.0,True,50,0.05,200
499,82,0.8113078999999743,37.0,4233.0,True,50,0.05,200
500,83,0.8205798999999843,37.0,4284.0,True,50,0.05,200
501,84,0.8301588999999581,37.0,4335.0,True,50,0.05,200
502,85,0.8397594999999569,37.0,4386.0,True,50,0.05,200
503,86,0.848972099999969,37.0,4437.0,True,50,0.05,200
504,87,0.858618999999976,37.0,4488.0,True,50,0.05,200
505,88,0.8679096999999842,37.0,4539.0,True,50,0.05,200
506,89,0.8774852999999894,37.0,4590.0,True,50,0.05,200
507,90,0.8867849999999748,37.0,4641.0,True,50,0.05,200
508,91,0.8963440999999648,37.0,4692.0,True,50,0.05,200
509,92,0.9056870000000004,37.0,4743.0,True,50,0.05,200
510,93,0.9153215999999702,37.0,4794.0,True,50,0.05,200
511,94,0.9248245999999654,37.0,4845.0,True,50,0.05,200
512,95,0.9342972000000032,37.0,4896.0,True,50,0.05,200
513,96,0.9436564000000089,37.0,4947.0,True,50,0.05,200
514,97,0.9529339999999706,37.0,4998.0,True,50,0.05,200
515,98,0.9623279999999568,37.0,5049.0,True,50,0.05,200
516,99,0.9714936999999964,37.0,5100.0,True,50,0.05,200
517,100,0.9824644999999919,37.0,5151.0,True,50,0.05,200
518,101,0.992011199999979,37.0,5202.0,True,50,0.05,200
519,0,0.0014656999999829168,25.0,50.0,True,50,0.1,200
520,1,0.026710999999977503,37.0,102.0,True,50,0.1,200
521,2,0.03695449999997891,37.0,153.0,True,50,0.1,200
522,3,0.04719139999997424,37.0,204.0,True,50,0.1,200
523,4,0.05733149999997522,37.0,255.0,True,50,0.1,200
524,5,0.06671569999997473,37.0,306.0,True,50,0.1,200
525,6,0.07657139999997753,37.0,357.0,True,50,0.1,200
526,7,0.08594579999999041,37.0,408.0,True,50,0.1,200
527,8,0.09672810000000709,37.0,459.0,True,50,0.1,200
528,9,0.10748150000000578,37.0,510.0,True,50,0.1,200
529,10,0.11729639999998653,37.0,561.0,True,50,0.1,200
530,11,0.12748929999997927,37.0,612.0,True,50,0.1,200
531,12,0.1371936999999548,37.0,663.0,True,50,0.1,200
532,13,0.14720180000000482,37.0,714.0,True,50,0.1,200
533,14,0.15739459999997507,37.0,765.0,True,50,0.1,200
534,15,0.16701929999999265,37.0,816.0,True,50,0.1,200
535,16,0.17691839999997683,37.0,867.0,True,50,0.1,200
536,17,0.18714109999996253,37.0,918.0,True,50,0.1,200
537,18,0.19725039999997307,37.0,969.0,True,50,0.1,200
538,19,0.2078007999999727,37.0,1020.0,True,50,0.1,200
539,20,0.2176087999999936,37.0,1071.0,True,50,0.1,200
540,21,0.22768899999999803,37.0,1122.0,True,50,0.1,200
541,22,0.23732530000000907,37.0,1173.0,True,50,0.1,200
542,23,0.24744529999998122,37.0,1224.0,True,50,0.1,200
543,24,0.2580784999999537,37.0,1275.0,True,50,0.1,200
544,25,0.26806069999997817,37.0,1326.0,True,50,0.1,200
545,26,0.2780630999999971,37.0,1377.0,True,50,0.1,200
546,27,0.2876769000000081,37.0,1428.0,True,50,0.1,200
547,28,0.2979060999999774,37.0,1479.0,True,50,0.1,200
548,29,0.3079860999999937,37.0,1530.0,True,50,0.1,200
549,30,0.3178946999999539,37.0,1581.0,True,50,0.1,200
550,31,0.3279002999999534,37.0,1632.0,True,50,0.1,200
551,32,0.3376777999999945,37.0,1683.0,True,50,0.1,200
552,33,0.3478285999999571,37.0,1734.0,True,50,0.1,200
553,34,0.357699499999967,37.0,1785.0,True,50,0.1,200
554,35,0.367112499999962,37.0,1836.0,True,50,0.1,200
555,36,0.37713589999998476,37.0,1887.0,True,50,0.1,200
556,37,0.3866302999999789,37.0,1938.0,True,50,0.1,200
557,38,0.3964384999999879,37.0,1989.0,True,50,0.1,200
558,39,0.4064232000000061,37.0,2040.0,True,50,0.1,200
559,40,0.41564829999998665,37.0,2091.0,True,50,0.1,200
560,41,0.42553549999996676,37.0,2142.0,True,50,0.1,200
561,42,0.43472709999997505,37.0,2193.0,True,50,0.1,200
562,43,0.44440819999999803,37.0,2244.0,True,50,0.1,200
563,44,0.45405940000000555,37.0,2295.0,True,50,0.1,200
564,45,0.46365459999998393,37.0,2346.0,True,50,0.1,200
565,46,0.4735590999999886,37.0,2397.0,True,50,0.1,200
566,47,0.482678299999975,37.0,2448.0,True,50,0.1,200
567,48,0.4924272000000087,37.0,2499.0,True,50,0.1,200
568,49,0.5016154999999571,37.0,2550.0,True,50,0.1,200
569,50,0.5111491999999771,37.0,2601.0,True,50,0.1,200
570,51,0.5207937999999785,37.0,2652.0,True,50,0.1,200
571,52,0.5302051999999549,37.0,2703.0,True,50,0.1,200
572,53,0.5398160999999959,37.0,2754.0,True,50,0.1,200
573,54,0.5488040999999839,37.0,2805.0,True,50,0.1,200
574,55,0.5584723000000054,37.0,2856.0,True,50,0.1,200
575,56,0.5676660999999967,37.0,2907.0,True,50,0.1,200
576,57,0.577073299999995,37.0,2958.0,True,50,0.1,200
577,58,0.5865023999999721,37.0,3009.0,True,50,0.1,200
578,59,0.5959406999999715,37.0,3060.0,True,50,0.1,200
579,60,0.6051880999999639,37.0,3111.0,True,50,0.1,200
580,61,0.6146210999999653,37.0,3162.0,True,50,0.1,200
581,62,0.6243076000000087,37.0,3213.0,True,50,0.1,200
582,63,0.6333457000000067,37.0,3264.0,True,50,0.1,200
583,64,0.6427732999999876,37.0,3315.0,True,50,0.1,200
584,65,0.6521346999999764,37.0,3366.0,True,50,0.1,200
585,66,0.6615128999999911,37.0,3417.0,True,50,0.1,200
586,67,0.6707776000000081,37.0,3468.0,True,50,0.1,200
587,68,0.6802796000000058,37.0,3519.0,True,50,0.1,200
588,69,0.6898331999999527,37.0,3570.0,True,50,0.1,200
589,70,0.6989939999999706,37.0,3621.0,True,50,0.1,200
590,71,0.7086069999999722,37.0,3672.0,True,50,0.1,200
591,72,0.7176385999999866,37.0,3723.0,True,50,0.1,200
592,73,0.7273890999999821,37.0,3774.0,True,50,0.1,200
593,74,0.7366482999999562,37.0,3825.0,True,50,0.1,200
594,75,0.7460942999999816,37.0,3876.0,True,50,0.1,200
595,76,0.7551969999999528,37.0,3927.0,True,50,0.1,200
596,77,0.7646338999999784,37.0,3978.0,True,50,0.1,200
597,78,0.7742164000000002,37.0,4029.0,True,50,0.1,200
598,79,0.7831751999999597,37.0,4080.0,True,50,0.1,200
599,80,0.7926808999999935,37.0,4131.0,True,50,0.1,200
600,81,0.8018900999999801,37.0,4182.0,True,50,0.1,200
601,82,0.8113078999999743,37.0,4233.0,True,50,0.1,200
602,83,0.8205798999999843,37.0,4284.0,True,50,0.1,200
603,84,0.8301588999999581,37.0,4335.0,True,50,0.1,200
604,85,0.8397594999999569,37.0,4386.0,True,50,0.1,200
605,86,0.848972099999969,37.0,4437.0,True,50,0.1,200
606,87,0.858618999999976,37.0,4488.0,True,50,0.1,200
607,88,0.8679096999999842,37.0,4539.0,True,50,0.1,200
608,89,0.8774852999999894,37.0,4590.0,True,50,0.1,200
609,90,0.8867849999999748,37.0,4641.0,True,50,0.1,200
610,91,0.8963440999999648,37.0,4692.0,True,50,0.1,200
611,92,0.9056870000000004,37.0,4743.0,True,50,0.1,200
612,93,0.9153215999999702,37.0,4794.0,True,50,0.1,200
613,94,0.9248245999999654,37.0,4845.0,True,50,0.1,200
614,95,0.9342972000000032,37.0,4896.0,True,50,0.1,200
615,96,0.9436564000000089,37.0,4947.0,True,50,0.1,200
616,97,0.9529339999999706,37.0,4998.0,True,50,0.1,200
617,98,0.9623279999999568,37.0,5049.0,True,50,0.1,200
618,99,0.9714936999999964,37.0,5100.0,True,50,0.1,200
619,100,0.9824644999999919,37.0,5151.0,True,50,0.1,200
620,101,0.992011199999979,37.0,5202.0,True,50,0.1,200
621,0,0.0014656999999829168,25.0,50.0,True,50,0.4,200
622,1,0.026710999999977503,35.0,102.0,True,50,0.4,200
623,2,0.03695449999997891,35.0,153.0,True,50,0.4,200
624,3,0.04719139999997424,40.0,205.0,True,50,0.4,200
625,4,0.05733149999997522,40.0,256.0,True,50,0.4,200
626,5,0.06671569999997473,41.0,308.0,True,50,0.4,200
627,6,0.07657139999997753,42.0,360.0,True,50,0.4,200
628,7,0.08594579999999041,45.0,412.0,True,50,0.4,200
629,8,0.09672810000000709,45.0,463.0,True,50,0.4,200
630,9,0.10748150000000578,45.0,514.0,True,50,0.4,200
631,10,0.11729639999998653,46.0,566.0,True,50,0.4,200
632,11,0.12748929999997927,46.0,617.0,True,50,0.4,200
633,12,0.1371936999999548,46.0,668.0,True,50,0.4,200
634,13,0.14720180000000482,46.0,719.0,True,50,0.4,200
635,14,0.15739459999997507,46.0,770.0,True,50,0.4,200
636,15,0.16701929999999265,46.0,821.0,True,50,0.4,200
637,16,0.17691839999997683,46.0,872.0,True,50,0.4,200
638,17,0.18714109999996253,46.0,923.0,True,50,0.4,200
639,18,0.19725039999997307,46.0,974.0,True,50,0.4,200
640,19,0.2078007999999727,46.0,1025.0,True,50,0.4,200
641,20,0.2176087999999936,46.0,1076.0,True,50,0.4,200
642,21,0.22768899999999803,46.0,1127.0,True,50,0.4,200
643,22,0.23732530000000907,46.0,1178.0,True,50,0.4,200
644,23,0.24744529999998122,46.0,1229.0,True,50,0.4,200
645,24,0.2580784999999537,46.0,1280.0,True,50,0.4,200
646,25,0.26806069999997817,46.0,1331.0,True,50,0.4,200
647,26,0.2780630999999971,46.0,1382.0,True,50,0.4,200
648,27,0.2876769000000081,46.0,1433.0,True,50,0.4,200
649,28,0.2979060999999774,46.0,1484.0,True,50,0.4,200
650,29,0.3079860999999937,46.0,1535.0,True,50,0.4,200
651,30,0.3178946999999539,46.0,1586.0,True,50,0.4,200
652,31,0.3279002999999534,46.0,1637.0,True,50,0.4,200
653,32,0.3376777999999945,46.0,1688.0,True,50,0.4,200
654,33,0.3478285999999571,46.0,1739.0,True,50,0.4,200
655,34,0.357699499999967,46.0,1790.0,True,50,0.4,200
656,35,0.367112499999962,46.0,1841.0,True,50,0.4,200
657,36,0.37713589999998476,46.0,1892.0,True,50,0.4,200
658,37,0.3866302999999789,46.0,1943.0,True,50,0.4,200
659,38,0.3964384999999879,46.0,1994.0,True,50,0.4,200
660,39,0.4064232000000061,46.0,2045.0,True,50,0.4,200
661,40,0.41564829999998665,46.0,2096.0,True,50,0.4,200
662,41,0.42553549999996676,46.0,2147.0,True,50,0.4,200
663,42,0.43472709999997505,46.0,2198.0,True,50,0.4,200
664,43,0.44440819999999803,46.0,2249.0,True,50,0.4,200
665,44,0.45405940000000555,46.0,2300.0,True,50,0.4,200
666,45,0.46365459999998393,46.0,2351.0,True,50,0.4,200
667,46,0.4735590999999886,46.0,2402.0,True,50,0.4,200
668,47,0.482678299999975,46.0,2453.0,True,50,0.4,200
669,48,0.4924272000000087,46.0,2504.0,True,50,0.4,200
670,49,0.5016154999999571,46.0,2555.0,True,50,0.4,200
671,50,0.5111491999999771,46.0,2606.0,True,50,0.4,200
672,51,0.5207937999999785,46.0,2657.0,True,50,0.4,200
673,52,0.5302051999999549,46.0,2708.0,True,50,0.4,200
674,53,0.5398160999999959,46.0,2759.0,True,50,0.4,200
675,54,0.5488040999999839,46.0,2810.0,True,50,0.4,200
676,55,0.5584723000000054,46.0,2861.0,True,50,0.4,200
677,56,0.5676660999999967,46.0,2912.0,True,50,0.4,200
678,57,0.577073299999995,46.0,2963.0,True,50,0.4,200
679,58,0.5865023999999721,46.0,3014.0,True,50,0.4,200
680,59,0.5959406999999715,46.0,3065.0,True,50,0.4,200
681,60,0.6051880999999639,46.0,3116.0,True,50,0.4,200
682,61,0.6146210999999653,46.0,3167.0,True,50,0.4,200
683,62,0.6243076000000087,46.0,3218.0,True,50,0.4,200
684,63,0.6333457000000067,46.0,3269.0,True,50,0.4,200
685,64,0.6427732999999876,46.0,3320.0,True,50,0.4,200
686,65,0.6521346999999764,46.0,3371.0,True,50,0.4,200
687,66,0.6615128999999911,46.0,3422.0,True,50,0.4,200
688,67,0.6707776000000081,46.0,3473.0,True,50,0.4,200
689,68,0.6802796000000058,46.0,3524.0,True,50,0.4,200
690,69,0.6898331999999527,46.0,3575.0,True,50,0.4,200
691,70,0.6989939999999706,46.0,3626.0,True,50,0.4,200
692,71,0.7086069999999722,46.0,3677.0,True,50,0.4,200
693,72,0.7176385999999866,46.0,3728.0,True,50,0.4,200
694,73,0.7273890999999821,46.0,3779.0,True,50,0.4,200
695,74,0.7366482999999562,46.0,3830.0,True,50,0.4,200
696,75,0.7460942999999816,46.0,3881.0,True,50,0.4,200
697,76,0.7551969999999528,46.0,3932.0,True,50,0.4,200
698,77,0.7646338999999784,46.0,3983.0,True,50,0.4,200
699,78,0.7742164000000002,46.0,4034.0,True,50,0.4,200
700,79,0.7831751999999597,46.0,4085.0,True,50,0.4,200
701,80,0.7926808999999935,46.0,4136.0,True,50,0.4,200
702,81,0.8018900999999801,46.0,4187.0,True,50,0.4,200
703,82,0.8113078999999743,46.0,4238.0,True,50,0.4,200
704,83,0.8205798999999843,46.0,4289.0,True,50,0.4,200
705,84,0.8301588999999581,46.0,4340.0,True,50,0.4,200
706,85,0.8397594999999569,46.0,4391.0,True,50,0.4,200
707,86,0.848972099999969,46.0,4442.0,True,50,0.4,200
708,87,0.858618999999976,46.0,4493.0,True,50,0.4,200
709,88,0.8679096999999842,46.0,4544.0,True,50,0.4,200
710,89,0.8774852999999894,46.0,4595.0,True,50,0.4,200
711,90,0.8867849999999748,46.0,4646.0,True,50,0.4,200
712,91,0.8963440999999648,46.0,4697.0,True,50,0.4,200
713,92,0.9056870000000004,46.0,4748.0,True,50,0.4,200
714,93,0.9153215999999702,46.0,4799.0,True,50,0.4,200
715,94,0.9248245999999654,46.0,4850.0,True,50,0.4,200
716,95,0.9342972000000032,46.0,4901.0,True,50,0.4,200
717,96,0.9436564000000089,46.0,4952.0,True,50,0.4,200
718,97,0.9529339999999706,46.0,5003.0,True,50,0.4,200
719,98,0.9623279999999568,46.0,5054.0,True,50,0.4,200
720,99,0.9714936999999964,46.0,5105.0,True,50,0.4,200
721,100,0.9824644999999919,46.0,5156.0,True,50,0.4,200
722,101,0.992011199999979,46.0,5207.0,True,50,0.4,200
723,102,0.00045660000000680157,46.0,5258.0,True,50,0.4,200
724,103,0.014282100000002629,46.0,5309.0,True,50,0.4,200
725,104,0.030755999999996675,46.0,5360.0,True,50,0.4,200
726,105,0.045583399999998164,46.0,5411.0,True,50,0.4,200
727,106,0.06528559999998151,46.0,5462.0,True,50,0.4,200
728,107,0.079538800000023,46.0,5513.0,True,50,0.4,200
729,108,0.09117539999999735,46.0,5564.0,True,50,0.4,200
730,109,0.10146869999999808,46.0,5615.0,True,50,0.4,200
731,110,0.11161670000001322,46.0,5666.0,True,50,0.4,200
732,0,0.0014656999999829168,25.0,50.0,True,50,0.8,200
733,1,0.026710999999977503,32.0,102.0,True,50,0.8,200
734,2,0.03695449999997891,35.0,154.0,True,50,0.8,200
735,3,0.04719139999997424,35.0,205.0,True,50,0.8,200
736,4,0.05733149999997522,35.0,256.0,True,50,0.8,200
737,5,0.06671569999997473,35.0,307.0,True,50,0.8,200
738,6,0.07657139999997753,35.0,358.0,True,50,0.8,200
739,7,0.08594579999999041,35.0,409.0,True,50,0.8,200
740,8,0.09672810000000709,35.0,460.0,True,50,0.8,200
741,9,0.10748150000000578,37.0,512.0,True,50,0.8,200
742,10,0.11729639999998653,37.0,563.0,True,50,0.8,200
743,11,0.12748929999997927,37.0,614.0,True,50,0.8,200
744,12,0.1371936999999548,37.0,665.0,True,50,0.8,200
745,13,0.14720180000000482,38.0,717.0,True,50,0.8,200
746,14,0.15739459999997507,40.0,769.0,True,50,0.8,200
747,15,0.16701929999999265,40.0,820.0,True,50,0.8,200
748,16,0.17691839999997683,40.0,871.0,True,50,0.8,200
749,17,0.18714109999996253,40.0,922.0,True,50,0.8,200
750,18,0.19725039999997307,40.0,973.0,True,50,0.8,200
751,19,0.2078007999999727,40.0,1024.0,True,50,0.8,200
752,20,0.2176087999999936,40.0,1075.0,True,50,0.8,200
753,21,0.22768899999999803,40.0,1126.0,True,50,0.8,200
754,22,0.23732530000000907,40.0,1177.0,True,50,0.8,200
755,23,0.24744529999998122,40.0,1228.0,True,50,0.8,200
756,24,0.2580784999999537,40.0,1279.0,True,50,0.8,200
757,25,0.26806069999997817,40.0,1330.0,True,50,0.8,200
758,26,0.2780630999999971,40.0,1381.0,True,50,0.8,200
759,27,0.2876769000000081,40.0,1432.0,True,50,0.8,200
760,28,0.2979060999999774,40.0,1483.0,True,50,0.8,200
761,29,0.3079860999999937,40.0,1534.0,True,50,0.8,200
762,30,0.3178946999999539,40.0,1585.0,True,50,0.8,200
763,31,0.3279002999999534,40.0,1636.0,True,50,0.8,200
764,32,0.3376777999999945,40.0,1687.0,True,50,0.8,200
765,33,0.3478285999999571,40.0,1738.0,True,50,0.8,200
766,34,0.357699499999967,40.0,1789.0,True,50,0.8,200
767,35,0.367112499999962,40.0,1840.0,True,50,0.8,200
768,36,0.37713589999998476,40.0,1891.0,True,50,0.8,200
769,37,0.3866302999999789,40.0,1942.0,True,50,0.8,200
770,38,0.3964384999999879,40.0,1993.0,True,50,0.8,200
771,39,0.4064232000000061,40.0,2044.0,True,50,0.8,200
772,40,0.41564829999998665,40.0,2095.0,True,50,0.8,200
773,41,0.42553549999996676,40.0,2146.0,True,50,0.8,200
774,42,0.43472709999997505,40.0,2197.0,True,50,0.8,200
775,43,0.44440819999999803,40.0,2248.0,True,50,0.8,200
776,44,0.45405940000000555,40.0,2299.0,True,50,0.8,200
777,45,0.46365459999998393,40.0,2350.0,True,50,0.8,200
778,46,0.4735590999999886,40.0,2401.0,True,50,0.8,200
779,47,0.482678299999975,40.0,2452.0,True,50,0.8,200
780,48,0.4924272000000087,40.0,2503.0,True,50,0.8,200
781,49,0.5016154999999571,40.0,2554.0,True,50,0.8,200
782,50,0.5111491999999771,40.0,2605.0,True,50,0.8,200
783,51,0.5207937999999785,40.0,2656.0,True,50,0.8,200
784,52,0.5302051999999549,40.0,2707.0,True,50,0.8,200
785,53,0.5398160999999959,40.0,2758.0,True,50,0.8,200
786,54,0.5488040999999839,40.0,2809.0,True,50,0.8,200
787,55,0.5584723000000054,40.0,2860.0,True,50,0.8,200
788,56,0.5676660999999967,40.0,2911.0,True,50,0.8,200
789,57,0.577073299999995,40.0,2962.0,True,50,0.8,200
790,58,0.5865023999999721,40.0,3013.0,True,50,0.8,200
791,59,0.5959406999999715,40.0,3064.0,True,50,0.8,200
792,60,0.6051880999999639,40.0,3115.0,True,50,0.8,200
793,61,0.6146210999999653,40.0,3166.0,True,50,0.8,200
794,62,0.6243076000000087,40.0,3217.0,True,50,0.8,200
795,63,0.6333457000000067,40.0,3268.0,True,50,0.8,200
796,64,0.6427732999999876,40.0,3319.0,True,50,0.8,200
797,65,0.6521346999999764,40.0,3370.0,True,50,0.8,200
798,66,0.6615128999999911,40.0,3421.0,True,50,0.8,200
799,67,0.6707776000000081,40.0,3472.0,True,50,0.8,200
800,68,0.6802796000000058,40.0,3523.0,True,50,0.8,200
801,69,0.6898331999999527,40.0,3574.0,True,50,0.8,200
802,70,0.6989939999999706,40.0,3625.0,True,50,0.8,200
803,71,0.7086069999999722,40.0,3676.0,True,50,0.8,200
804,72,0.7176385999999866,40.0,3727.0,True,50,0.8,200
805,73,0.7273890999999821,40.0,3778.0,True,50,0.8,200
806,74,0.7366482999999562,40.0,3829.0,True,50,0.8,200
807,75,0.7460942999999816,40.0,3880.0,True,50,0.8,200
808,76,0.7551969999999528,40.0,3931.0,True,50,0.8,200
809,77,0.7646338999999784,40.0,3982.0,True,50,0.8,200
810,78,0.7742164000000002,40.0,4033.0,True,50,0.8,200
811,79,0.7831751999999597,40.0,4084.0,True,50,0.8,200
812,80,0.7926808999999935,40.0,4135.0,True,50,0.8,200
813,81,0.8018900999999801,40.0,4186.0,True,50,0.8,200
814,82,0.8113078999999743,40.0,4237.0,True,50,0.8,200
815,83,0.8205798999999843,40.0,4288.0,True,50,0.8,200
816,84,0.8301588999999581,40.0,4339.0,True,50,0.8,200
817,85,0.8397594999999569,40.0,4390.0,True,50,0.8,200
818,86,0.848972099999969,40.0,4441.0,True,50,0.8,200
819,87,0.858618999999976,40.0,4492.0,True,50,0.8,200
820,88,0.8679096999999842,40.0,4543.0,True,50,0.8,200
821,89,0.8774852999999894,40.0,4594.0,True,50,0.8,200
822,90,0.8867849999999748,40.0,4645.0,True,50,0.8,200
823,91,0.8963440999999648,40.0,4696.0,True,50,0.8,200
824,92,0.9056870000000004,40.0,4747.0,True,50,0.8,200
825,93,0.9153215999999702,40.0,4798.0,True,50,0.8,200
826,94,0.9248245999999654,40.0,4849.0,True,50,0.8,200
827,95,0.9342972000000032,40.0,4900.0,True,50,0.8,200
828,96,0.9436564000000089,40.0,4951.0,True,50,0.8,200
829,97,0.9529339999999706,40.0,5002.0,True,50,0.8,200
830,98,0.9623279999999568,40.0,5053.0,True,50,0.8,200
831,99,0.9714936999999964,40.0,5104.0,True,50,0.8,200
832,100,0.9824644999999919,40.0,5155.0,True,50,0.8,200
833,101,0.992011199999979,40.0,5206.0,True,50,0.8,200
834,102,0.00045660000000680157,40.0,5257.0,True,50,0.8,200
835,103,0.014282100000002629,40.0,5308.0,True,50,0.8,200
836,104,0.030755999999996675,40.0,5359.0,True,50,0.8,200
837,105,0.045583399999998164,40.0,5410.0,True,50,0.8,200
838,106,0.06528559999998151,40.0,5461.0,True,50,0.8,200
839,107,0.079538800000023,40.0,5512.0,True,50,0.8,200
840,108,0.09117539999999735,40.0,5563.0,True,50,0.8,200
841,109,0.10146869999999808,40.0,5614.0,True,50,0.8,200
842,110,0.11161670000001322,40.0,5665.0,True,50,0.8,200
843,111,0.12130819999998721,40.0,5716.0,True,50,0.8,200
844,112,0.13140889999999672,40.0,5767.0,True,50,0.8,200
845,113,0.14106420000001663,40.0,5818.0,True,50,0.8,200
846,114,0.15097209999998995,40.0,5869.0,True,50,0.8,200
847,0,0.0014656999999829168,25.0,100.0,True,100,0.05,200
848,1,0.026710999999977503,40.0,202.0,True,100,0.05,200
849,2,0.03695449999997891,40.0,303.0,True,100,0.05,200
850,3,0.04719139999997424,40.0,404.0,True,100,0.05,200
851,4,0.05733149999997522,40.0,505.0,True,100,0.05,200
852,5,0.06671569999997473,40.0,606.0,True,100,0.05,200
853,6,0.07657139999997753,41.0,708.0,True,100,0.05,200
854,7,0.08594579999999041,41.0,809.0,True,100,0.05,200
855,8,0.09672810000000709,41.0,910.0,True,100,0.05,200
856,9,0.10748150000000578,41.0,1011.0,True,100,0.05,200
857,10,0.11729639999998653,41.0,1112.0,True,100,0.05,200
858,11,0.12748929999997927,41.0,1213.0,True,100,0.05,200
859,12,0.1371936999999548,41.0,1314.0,True,100,0.05,200
860,13,0.14720180000000482,41.0,1415.0,True,100,0.05,200
861,14,0.15739459999997507,41.0,1516.0,True,100,0.05,200
862,15,0.16701929999999265,41.0,1617.0,True,100,0.05,200
863,16,0.17691839999997683,41.0,1718.0,True,100,0.05,200
864,17,0.18714109999996253,41.0,1819.0,True,100,0.05,200
865,18,0.19725039999997307,41.0,1920.0,True,100,0.05,200
866,19,0.2078007999999727,41.0,2021.0,True,100,0.05,200
867,20,0.2176087999999936,41.0,2122.0,True,100,0.05,200
868,21,0.22768899999999803,41.0,2223.0,True,100,0.05,200
869,22,0.23732530000000907,41.0,2324.0,True,100,0.05,200
870,23,0.24744529999998122,41.0,2425.0,True,100,0.05,200
871,24,0.2580784999999537,41.0,2526.0,True,100,0.05,200
872,25,0.26806069999997817,41.0,2627.0,True,100,0.05,200
873,26,0.2780630999999971,41.0,2728.0,True,100,0.05,200
874,27,0.2876769000000081,41.0,2829.0,True,100,0.05,200
875,28,0.2979060999999774,41.0,2930.0,True,100,0.05,200
876,29,0.3079860999999937,41.0,3031.0,True,100,0.05,200
877,30,0.3178946999999539,41.0,3132.0,True,100,0.05,200
878,31,0.3279002999999534,41.0,3233.0,True,100,0.05,200
879,32,0.3376777999999945,41.0,3334.0,True,100,0.05,200
880,33,0.3478285999999571,41.0,3435.0,True,100,0.05,200
881,34,0.357699499999967,41.0,3536.0,True,100,0.05,200
882,35,0.367112499999962,41.0,3637.0,True,100,0.05,200
883,36,0.37713589999998476,41.0,3738.0,True,100,0.05,200
884,37,0.3866302999999789,41.0,3839.0,True,100,0.05,200
885,38,0.3964384999999879,41.0,3940.0,True,100,0.05,200
886,39,0.4064232000000061,41.0,4041.0,True,100,0.05,200
887,40,0.41564829999998665,41.0,4142.0,True,100,0.05,200
888,41,0.42553549999996676,41.0,4243.0,True,100,0.05,200
889,42,0.43472709999997505,41.0,4344.0,True,100,0.05,200
890,43,0.44440819999999803,41.0,4445.0,True,100,0.05,200
891,44,0.45405940000000555,41.0,4546.0,True,100,0.05,200
892,45,0.46365459999998393,41.0,4647.0,True,100,0.05,200
893,46,0.4735590999999886,41.0,4748.0,True,100,0.05,200
894,47,0.482678299999975,41.0,4849.0,True,100,0.05,200
895,48,0.4924272000000087,41.0,4950.0,True,100,0.05,200
896,49,0.5016154999999571,41.0,5051.0,True,100,0.05,200
897,50,0.5111491999999771,41.0,5152.0,True,100,0.05,200
898,51,0.5207937999999785,41.0,5253.0,True,100,0.05,200
899,52,0.5302051999999549,41.0,5354.0,True,100,0.05,200
900,53,0.5398160999999959,41.0,5455.0,True,100,0.05,200
901,54,0.5488040999999839,41.0,5556.0,True,100,0.05,200
902,55,0.5584723000000054,41.0,5657.0,True,100,0.05,200
903,56,0.5676660999999967,41.0,5758.0,True,100,0.05,200
904,57,0.577073299999995,41.0,5859.0,True,100,0.05,200
905,58,0.5865023999999721,41.0,5960.0,True,100,0.05,200
906,59,0.5959406999999715,41.0,6061.0,True,100,0.05,200
907,60,0.6051880999999639,41.0,6162.0,True,100,0.05,200
908,61,0.6146210999999653,41.0,6263.0,True,100,0.05,200
909,62,0.6243076000000087,41.0,6364.0,True,100,0.05,200
910,63,0.6333457000000067,41.0,6465.0,True,100,0.05,200
911,64,0.6427732999999876,41.0,6566.0,True,100,0.05,200
912,65,0.6521346999999764,41.0,6667.0,True,100,0.05,200
913,66,0.6615128999999911,41.0,6768.0,True,100,0.05,200
914,67,0.6707776000000081,41.0,6869.0,True,100,0.05,200
915,68,0.6802796000000058,41.0,6970.0,True,100,0.05,200
916,69,0.6898331999999527,41.0,7071.0,True,100,0.05,200
917,70,0.6989939999999706,41.0,7172.0,True,100,0.05,200
918,71,0.7086069999999722,41.0,7273.0,True,100,0.05,200
919,72,0.7176385999999866,41.0,7374.0,True,100,0.05,200
920,73,0.7273890999999821,41.0,7475.0,True,100,0.05,200
921,74,0.7366482999999562,41.0,7576.0,True,100,0.05,200
922,75,0.7460942999999816,41.0,7677.0,True,100,0.05,200
923,76,0.7551969999999528,41.0,7778.0,True,100,0.05,200
924,77,0.7646338999999784,41.0,7879.0,True,100,0.05,200
925,78,0.7742164000000002,41.0,7980.0,True,100,0.05,200
926,79,0.7831751999999597,41.0,8081.0,True,100,0.05,200
927,80,0.7926808999999935,41.0,8182.0,True,100,0.05,200
928,81,0.8018900999999801,41.0,8283.0,True,100,0.05,200
929,82,0.8113078999999743,41.0,8384.0,True,100,0.05,200
930,83,0.8205798999999843,41.0,8485.0,True,100,0.05,200
931,84,0.8301588999999581,41.0,8586.0,True,100,0.05,200
932,85,0.8397594999999569,41.0,8687.0,True,100,0.05,200
933,86,0.848972099999969,41.0,8788.0,True,100,0.05,200
934,87,0.858618999999976,41.0,8889.0,True,100,0.05,200
935,88,0.8679096999999842,41.0,8990.0,True,100,0.05,200
936,89,0.8774852999999894,41.0,9091.0,True,100,0.05,200
937,90,0.8867849999999748,41.0,9192.0,True,100,0.05,200
938,91,0.8963440999999648,41.0,9293.0,True,100,0.05,200
939,92,0.9056870000000004,41.0,9394.0,True,100,0.05,200
940,93,0.9153215999999702,41.0,9495.0,True,100,0.05,200
941,94,0.9248245999999654,41.0,9596.0,True,100,0.05,200
942,95,0.9342972000000032,41.0,9697.0,True,100,0.05,200
943,96,0.9436564000000089,41.0,9798.0,True,100,0.05,200
944,97,0.9529339999999706,41.0,9899.0,True,100,0.05,200
945,98,0.9623279999999568,41.0,10000.0,True,100,0.05,200
946,99,0.9714936999999964,41.0,10101.0,True,100,0.05,200
947,100,0.9824644999999919,41.0,10202.0,True,100,0.05,200
948,101,0.992011199999979,41.0,10303.0,True,100,0.05,200
949,102,0.00045660000000680157,41.0,10404.0,True,100,0.05,200
950,103,0.014282100000002629,41.0,10505.0,True,100,0.05,200
951,104,0.030755999999996675,41.0,10606.0,True,100,0.05,200
952,105,0.045583399999998164,41.0,10707.0,True,100,0.05,200
953,106,0.06528559999998151,41.0,10808.0,True,100,0.05,200
954,0,0.0014656999999829168,25.0,100.0,True,100,0.1,200
955,1,0.026710999999977503,37.0,202.0,True,100,0.1,200
956,2,0.03695449999997891,40.0,304.0,True,100,0.1,200
957,3,0.04719139999997424,42.0,406.0,True,100,0.1,200
958,4,0.05733149999997522,44.0,508.0,True,100,0.1,200
959,5,0.06671569999997473,45.0,610.0,True,100,0.1,200
960,6,0.07657139999997753,46.0,712.0,True,100,0.1,200
961,7,0.08594579999999041,46.0,813.0,True,100,0.1,200
962,8,0.09672810000000709,46.0,914.0,True,100,0.1,200
963,9,0.10748150000000578,46.0,1015.0,True,100,0.1,200
964,10,0.11729639999998653,46.0,1116.0,True,100,0.1,200
965,11,0.12748929999997927,46.0,1217.0,True,100,0.1,200
966,12,0.1371936999999548,46.0,1318.0,True,100,0.1,200
967,13,0.14720180000000482,46.0,1419.0,True,100,0.1,200
968,14,0.15739459999997507,46.0,1520.0,True,100,0.1,200
969,15,0.16701929999999265,46.0,1621.0,True,100,0.1,200
970,16,0.17691839999997683,46.0,1722.0,True,100,0.1,200
971,17,0.18714109999996253,46.0,1823.0,True,100,0.1,200
972,18,0.19725039999997307,46.0,1924.0,True,100,0.1,200
973,19,0.2078007999999727,46.0,2025.0,True,100,0.1,200
974,20,0.2176087999999936,46.0,2126.0,True,100,0.1,200
975,21,0.22768899999999803,46.0,2227.0,True,100,0.1,200
976,22,0.23732530000000907,46.0,2328.0,True,100,0.1,200
977,23,0.24744529999998122,46.0,2429.0,True,100,0.1,200
978,24,0.2580784999999537,46.0,2530.0,True,100,0.1,200
979,25,0.26806069999997817,46.0,2631.0,True,100,0.1,200
980,26,0.2780630999999971,46.0,2732.0,True,100,0.1,200
981,27,0.2876769000000081,46.0,2833.0,True,100,0.1,200
982,28,0.2979060999999774,46.0,2934.0,True,100,0.1,200
983,29,0.3079860999999937,46.0,3035.0,True,100,0.1,200
984,30,0.3178946999999539,46.0,3136.0,True,100,0.1,200
985,31,0.3279002999999534,46.0,3237.0,True,100,0.1,200
986,32,0.3376777999999945,46.0,3338.0,True,100,0.1,200
987,33,0.3478285999999571,46.0,3439.0,True,100,0.1,200
988,34,0.357699499999967,46.0,3540.0,True,100,0.1,200
989,35,0.367112499999962,46.0,3641.0,True,100,0.1,200
990,36,0.37713589999998476,46.0,3742.0,True,100,0.1,200
991,37,0.3866302999999789,46.0,3843.0,True,100,0.1,200
992,38,0.3964384999999879,46.0,3944.0,True,100,0.1,200
993,39,0.4064232000000061,46.0,4045.0,True,100,0.1,200
994,40,0.41564829999998665,46.0,4146.0,True,100,0.1,200
995,41,0.42553549999996676,46.0,4247.0,True,100,0.1,200
996,42,0.43472709999997505,46.0,4348.0,True,100,0.1,200
997,43,0.44440819999999803,46.0,4449.0,True,100,0.1,200
998,44,0.45405940000000555,46.0,4550.0,True,100,0.1,200
999,45,0.46365459999998393,46.0,4651.0,True,100,0.1,200
1000,46,0.4735590999999886,46.0,4752.0,True,100,0.1,200
1001,47,0.482678299999975,46.0,4853.0,True,100,0.1,200
1002,48,0.4924272000000087,46.0,4954.0,True,100,0.1,200
1003,49,0.5016154999999571,46.0,5055.0,True,100,0.1,200
1004,50,0.5111491999999771,46.0,5156.0,True,100,0.1,200
1005,51,0.5207937999999785,46.0,5257.0,True,100,0.1,200
1006,52,0.5302051999999549,46.0,5358.0,True,100,0.1,200
1007,53,0.5398160999999959,46.0,5459.0,True,100,0.1,200
1008,54,0.5488040999999839,46.0,5560.0,True,100,0.1,200
1009,55,0.5584723000000054,46.0,5661.0,True,100,0.1,200
1010,56,0.5676660999999967,46.0,5762.0,True,100,0.1,200
1011,57,0.577073299999995,46.0,5863.0,True,100,0.1,200
1012,58,0.5865023999999721,46.0,5964.0,True,100,0.1,200
1013,59,0.5959406999999715,46.0,6065.0,True,100,0.1,200
1014,60,0.6051880999999639,46.0,6166.0,True,100,0.1,200
1015,61,0.6146210999999653,46.0,6267.0,True,100,0.1,200
1016,62,0.6243076000000087,46.0,6368.0,True,100,0.1,200
1017,63,0.6333457000000067,46.0,6469.0,True,100,0.1,200
1018,64,0.6427732999999876,46.0,6570.0,True,100,0.1,200
1019,65,0.6521346999999764,46.0,6671.0,True,100,0.1,200
1020,66,0.6615128999999911,46.0,6772.0,True,100,0.1,200
1021,67,0.6707776000000081,46.0,6873.0,True,100,0.1,200
1022,68,0.6802796000000058,46.0,6974.0,True,100,0.1,200
1023,69,0.6898331999999527,46.0,7075.0,True,100,0.1,200
1024,70,0.6989939999999706,46.0,7176.0,True,100,0.1,200
1025,71,0.7086069999999722,46.0,7277.0,True,100,0.1,200
1026,72,0.7176385999999866,46.0,7378.0,True,100,0.1,200
1027,73,0.7273890999999821,46.0,7479.0,True,100,0.1,200
1028,74,0.7366482999999562,46.0,7580.0,True,100,0.1,200
1029,75,0.7460942999999816,46.0,7681.0,True,100,0.1,200
1030,76,0.7551969999999528,46.0,7782.0,True,100,0.1,200
1031,77,0.7646338999999784,46.0,7883.0,True,100,0.1,200
1032,78,0.7742164000000002,46.0,7984.0,True,100,0.1,200
1033,79,0.7831751999999597,46.0,8085.0,True,100,0.1,200
1034,80,0.7926808999999935,46.0,8186.0,True,100,0.1,200
1035,81,0.8018900999999801,46.0,8287.0,True,100,0.1,200
1036,82,0.8113078999999743,46.0,8388.0,True,100,0.1,200
1037,83,0.8205798999999843,46.0,8489.0,True,100,0.1,200
1038,84,0.8301588999999581,46.0,8590.0,True,100,0.1,200
1039,85,0.8397594999999569,46.0,8691.0,True,100,0.1,200
1040,86,0.848972099999969,46.0,8792.0,True,100,0.1,200
1041,87,0.858618999999976,46.0,8893.0,True,100,0.1,200
1042,88,0.8679096999999842,46.0,8994.0,True,100,0.1,200
1043,89,0.8774852999999894,46.0,9095.0,True,100,0.1,200
1044,90,0.8867849999999748,46.0,9196.0,True,100,0.1,200
1045,91,0.8963440999999648,46.0,9297.0,True,100,0.1,200
1046,92,0.9056870000000004,46.0,9398.0,True,100,0.1,200
1047,93,0.9153215999999702,46.0,9499.0,True,100,0.1,200
1048,94,0.9248245999999654,46.0,9600.0,True,100,0.1,200
1049,95,0.9342972000000032,46.0,9701.0,True,100,0.1,200
1050,96,0.9436564000000089,46.0,9802.0,True,100,0.1,200
1051,97,0.9529339999999706,46.0,9903.0,True,100,0.1,200
1052,98,0.9623279999999568,46.0,10004.0,True,100,0.1,200
1053,99,0.9714936999999964,46.0,10105.0,True,100,0.1,200
1054,100,0.9824644999999919,46.0,10206.0,True,100,0.1,200
1055,101,0.992011199999979,46.0,10307.0,True,100,0.1,200
1056,102,0.00045660000000680157,46.0,10408.0,True,100,0.1,200
1057,103,0.014282100000002629,46.0,10509.0,True,100,0.1,200
1058,104,0.030755999999996675,46.0,10610.0,True,100,0.1,200
1059,105,0.045583399999998164,46.0,10711.0,True,100,0.1,200
1060,106,0.06528559999998151,46.0,10812.0,True,100,0.1,200
1061,0,0.0014656999999829168,25.0,100.0,True,100,0.4,200
1062,1,0.026710999999977503,37.0,202.0,True,100,0.4,200
1063,2,0.03695449999997891,37.0,303.0,True,100,0.4,200
1064,3,0.04719139999997424,41.0,405.0,True,100,0.4,200
1065,4,0.05733149999997522,41.0,506.0,True,100,0.4,200
1066,5,0.06671569999997473,42.0,608.0,True,100,0.4,200
1067,6,0.07657139999997753,43.0,710.0,True,100,0.4,200
1068,7,0.08594579999999041,45.0,812.0,True,100,0.4,200
1069,8,0.09672810000000709,48.0,914.0,True,100,0.4,200
1070,9,0.10748150000000578,48.0,1015.0,True,100,0.4,200
1071,10,0.11729639999998653,48.0,1116.0,True,100,0.4,200
1072,11,0.12748929999997927,49.0,1218.0,True,100,0.4,200
1073,12,0.1371936999999548,49.0,1319.0,True,100,0.4,200
1074,13,0.14720180000000482,49.0,1420.0,True,100,0.4,200
1075,14,0.15739459999997507,49.0,1521.0,True,100,0.4,200
1076,15,0.16701929999999265,50.0,1623.0,True,100,0.4,200
1077,16,0.17691839999997683,50.0,1724.0,True,100,0.4,200
1078,17,0.18714109999996253,50.0,1825.0,True,100,0.4,200
1079,18,0.19725039999997307,50.0,1926.0,True,100,0.4,200
1080,19,0.2078007999999727,50.0,2027.0,True,100,0.4,200
1081,20,0.2176087999999936,50.0,2128.0,True,100,0.4,200
1082,21,0.22768899999999803,50.0,2229.0,True,100,0.4,200
1083,22,0.23732530000000907,50.0,2330.0,True,100,0.4,200
1084,23,0.24744529999998122,50.0,2431.0,True,100,0.4,200
1085,24,0.2580784999999537,50.0,2532.0,True,100,0.4,200
1086,25,0.26806069999997817,50.0,2633.0,True,100,0.4,200
1087,26,0.2780630999999971,50.0,2734.0,True,100,0.4,200
1088,27,0.2876769000000081,50.0,2835.0,True,100,0.4,200
1089,28,0.2979060999999774,50.0,2936.0,True,100,0.4,200
1090,29,0.3079860999999937,50.0,3037.0,True,100,0.4,200
1091,30,0.3178946999999539,50.0,3138.0,True,100,0.4,200
1092,31,0.3279002999999534,50.0,3239.0,True,100,0.4,200
1093,32,0.3376777999999945,50.0,3340.0,True,100,0.4,200
1094,33,0.3478285999999571,50.0,3441.0,True,100,0.4,200
1095,34,0.357699499999967,50.0,3542.0,True,100,0.4,200
1096,35,0.367112499999962,50.0,3643.0,True,100,0.4,200
1097,36,0.37713589999998476,50.0,3744.0,True,100,0.4,200
1098,37,0.3866302999999789,50.0,3845.0,True,100,0.4,200
1099,38,0.3964384999999879,50.0,3946.0,True,100,0.4,200
1100,39,0.4064232000000061,50.0,4047.0,True,100,0.4,200
1101,40,0.41564829999998665,50.0,4148.0,True,100,0.4,200
1102,41,0.42553549999996676,50.0,4249.0,True,100,0.4,200
1103,42,0.43472709999997505,50.0,4350.0,True,100,0.4,200
1104,43,0.44440819999999803,50.0,4451.0,True,100,0.4,200
1105,44,0.45405940000000555,50.0,4552.0,True,100,0.4,200
1106,45,0.46365459999998393,50.0,4653.0,True,100,0.4,200
1107,46,0.4735590999999886,50.0,4754.0,True,100,0.4,200
1108,47,0.482678299999975,50.0,4855.0,True,100,0.4,200
1109,48,0.4924272000000087,50.0,4956.0,True,100,0.4,200
1110,49,0.5016154999999571,50.0,5057.0,True,100,0.4,200
1111,50,0.5111491999999771,50.0,5158.0,True,100,0.4,200
1112,51,0.5207937999999785,50.0,5259.0,True,100,0.4,200
1113,52,0.5302051999999549,50.0,5360.0,True,100,0.4,200
1114,53,0.5398160999999959,50.0,5461.0,True,100,0.4,200
1115,54,0.5488040999999839,50.0,5562.0,True,100,0.4,200
1116,55,0.5584723000000054,50.0,5663.0,True,100,0.4,200
1117,56,0.5676660999999967,50.0,5764.0,True,100,0.4,200
1118,57,0.577073299999995,50.0,5865.0,True,100,0.4,200
1119,58,0.5865023999999721,50.0,5966.0,True,100,0.4,200
1120,59,0.5959406999999715,50.0,6067.0,True,100,0.4,200
1121,60,0.6051880999999639,50.0,6168.0,True,100,0.4,200
1122,61,0.6146210999999653,50.0,6269.0,True,100,0.4,200
1123,62,0.6243076000000087,50.0,6370.0,True,100,0.4,200
1124,63,0.6333457000000067,50.0,6471.0,True,100,0.4,200
1125,64,0.6427732999999876,50.0,6572.0,True,100,0.4,200
1126,65,0.6521346999999764,50.0,6673.0,True,100,0.4,200
1127,66,0.6615128999999911,50.0,6774.0,True,100,0.4,200
1128,67,0.6707776000000081,50.0,6875.0,True,100,0.4,200
1129,68,0.6802796000000058,50.0,6976.0,True,100,0.4,200
1130,69,0.6898331999999527,50.0,7077.0,True,100,0.4,200
1131,70,0.6989939999999706,50.0,7178.0,True,100,0.4,200
1132,71,0.7086069999999722,50.0,7279.0,True,100,0.4,200
1133,72,0.7176385999999866,50.0,7380.0,True,100,0.4,200
1134,73,0.7273890999999821,50.0,7481.0,True,100,0.4,200
1135,74,0.7366482999999562,50.0,7582.0,True,100,0.4,200
1136,75,0.7460942999999816,50.0,7683.0,True,100,0.4,200
1137,76,0.7551969999999528,50.0,7784.0,True,100,0.4,200
1138,77,0.7646338999999784,50.0,7885.0,True,100,0.4,200
1139,78,0.7742164000000002,50.0,7986.0,True,100,0.4,200
1140,79,0.7831751999999597,50.0,8087.0,True,100,0.4,200
1141,80,0.7926808999999935,50.0,8188.0,True,100,0.4,200
1142,81,0.8018900999999801,50.0,8289.0,True,100,0.4,200
1143,82,0.8113078999999743,50.0,8390.0,True,100,0.4,200
1144,83,0.8205798999999843,50.0,8491.0,True,100,0.4,200
1145,84,0.8301588999999581,50.0,8592.0,True,100,0.4,200
1146,85,0.8397594999999569,50.0,8693.0,True,100,0.4,200
1147,86,0.848972099999969,50.0,8794.0,True,100,0.4,200
1148,87,0.858618999999976,50.0,8895.0,True,100,0.4,200
1149,88,0.8679096999999842,50.0,8996.0,True,100,0.4,200
1150,89,0.8774852999999894,50.0,9097.0,True,100,0.4,200
1151,90,0.8867849999999748,50.0,9198.0,True,100,0.4,200
1152,91,0.8963440999999648,50.0,9299.0,True,100,0.4,200
1153,92,0.9056870000000004,50.0,9400.0,True,100,0.4,200
1154,93,0.9153215999999702,50.0,9501.0,True,100,0.4,200
1155,94,0.9248245999999654,50.0,9602.0,True,100,0.4,200
1156,95,0.9342972000000032,50.0,9703.0,True,100,0.4,200
1157,96,0.9436564000000089,50.0,9804.0,True,100,0.4,200
1158,97,0.9529339999999706,50.0,9905.0,True,100,0.4,200
1159,98,0.9623279999999568,50.0,10006.0,True,100,0.4,200
1160,99,0.9714936999999964,50.0,10107.0,True,100,0.4,200
1161,100,0.9824644999999919,50.0,10208.0,True,100,0.4,200
1162,101,0.992011199999979,50.0,10309.0,True,100,0.4,200
1163,102,0.00045660000000680157,50.0,10410.0,True,100,0.4,200
1164,103,0.014282100000002629,50.0,10511.0,True,100,0.4,200
1165,104,0.030755999999996675,50.0,10612.0,True,100,0.4,200
1166,105,0.045583399999998164,50.0,10713.0,True,100,0.4,200
1167,106,0.06528559999998151,50.0,10814.0,True,100,0.4,200
1168,107,0.079538800000023,50.0,10915.0,True,100,0.4,200
1169,108,0.09117539999999735,50.0,11016.0,True,100,0.4,200
1170,109,0.10146869999999808,50.0,11117.0,True,100,0.4,200
1171,110,0.11161670000001322,50.0,11218.0,True,100,0.4,200
1172,111,0.12130819999998721,50.0,11319.0,True,100,0.4,200
1173,112,0.13140889999999672,50.0,11420.0,True,100,0.4,200
1174,113,0.14106420000001663,50.0,11521.0,True,100,0.4,200
1175,114,0.15097209999998995,50.0,11622.0,True,100,0.4,200
1176,115,0.16091699999998355,50.0,11723.0,True,100,0.4,200
1177,0,0.0014656999999829168,25.0,100.0,True,100,0.8,200
1178,1,0.026710999999977503,36.0,202.0,True,100,0.8,200
1179,2,0.03695449999997891,37.0,304.0,True,100,0.8,200
1180,3,0.04719139999997424,38.0,406.0,True,100,0.8,200
1181,4,0.05733149999997522,38.0,507.0,True,100,0.8,200
1182,5,0.06671569999997473,39.0,609.0,True,100,0.8,200
1183,6,0.07657139999997753,39.0,710.0,True,100,0.8,200
1184,7,0.08594579999999041,42.0,812.0,True,100,0.8,200
1185,8,0.09672810000000709,42.0,913.0,True,100,0.8,200
1186,9,0.10748150000000578,42.0,1014.0,True,100,0.8,200
1187,10,0.11729639999998653,44.0,1116.0,True,100,0.8,200
1188,11,0.12748929999997927,44.0,1217.0,True,100,0.8,200
1189,12,0.1371936999999548,44.0,1318.0,True,100,0.8,200
1190,13,0.14720180000000482,45.0,1420.0,True,100,0.8,200
1191,14,0.15739459999997507,45.0,1521.0,True,100,0.8,200
1192,15,0.16701929999999265,45.0,1622.0,True,100,0.8,200
1193,16,0.17691839999997683,45.0,1723.0,True,100,0.8,200
1194,17,0.18714109999996253,45.0,1824.0,True,100,0.8,200
1195,18,0.19725039999997307,45.0,1925.0,True,100,0.8,200
1196,19,0.2078007999999727,45.0,2026.0,True,100,0.8,200
1197,20,0.2176087999999936,46.0,2128.0,True,100,0.8,200
1198,21,0.22768899999999803,46.0,2229.0,True,100,0.8,200
1199,22,0.23732530000000907,46.0,2330.0,True,100,0.8,200
1200,23,0.24744529999998122,47.0,2432.0,True,100,0.8,200
1201,24,0.2580784999999537,47.0,2533.0,True,100,0.8,200
1202,25,0.26806069999997817,47.0,2634.0,True,100,0.8,200
1203,26,0.2780630999999971,47.0,2735.0,True,100,0.8,200
1204,27,0.2876769000000081,47.0,2836.0,True,100,0.8,200
1205,28,0.2979060999999774,47.0,2937.0,True,100,0.8,200
1206,29,0.3079860999999937,47.0,3038.0,True,100,0.8,200
1207,30,0.3178946999999539,47.0,3139.0,True,100,0.8,200
1208,31,0.3279002999999534,47.0,3240.0,True,100,0.8,200
1209,32,0.3376777999999945,47.0,3341.0,True,100,0.8,200
1210,33,0.3478285999999571,47.0,3442.0,True,100,0.8,200
1211,34,0.357699499999967,47.0,3543.0,True,100,0.8,200
1212,35,0.367112499999962,47.0,3644.0,True,100,0.8,200
1213,36,0.37713589999998476,47.0,3745.0,True,100,0.8,200
1214,37,0.3866302999999789,47.0,3846.0,True,100,0.8,200
1215,38,0.3964384999999879,47.0,3947.0,True,100,0.8,200
1216,39,0.4064232000000061,47.0,4048.0,True,100,0.8,200
1217,40,0.41564829999998665,47.0,4149.0,True,100,0.8,200
1218,41,0.42553549999996676,47.0,4250.0,True,100,0.8,200
1219,42,0.43472709999997505,47.0,4351.0,True,100,0.8,200
1220,43,0.44440819999999803,47.0,4452.0,True,100,0.8,200
1221,44,0.45405940000000555,47.0,4553.0,True,100,0.8,200
1222,45,0.46365459999998393,47.0,4654.0,True,100,0.8,200
1223,46,0.4735590999999886,47.0,4755.0,True,100,0.8,200
1224,47,0.482678299999975,47.0,4856.0,True,100,0.8,200
1225,48,0.4924272000000087,47.0,4957.0,True,100,0.8,200
1226,49,0.5016154999999571,47.0,5058.0,True,100,0.8,200
1227,50,0.5111491999999771,47.0,5159.0,True,100,0.8,200
1228,51,0.5207937999999785,47.0,5260.0,True,100,0.8,200
1229,52,0.5302051999999549,47.0,5361.0,True,100,0.8,200
1230,53,0.5398160999999959,47.0,5462.0,True,100,0.8,200
1231,54,0.5488040999999839,47.0,5563.0,True,100,0.8,200
1232,55,0.5584723000000054,47.0,5664.0,True,100,0.8,200
1233,56,0.5676660999999967,47.0,5765.0,True,100,0.8,200
1234,57,0.577073299999995,47.0,5866.0,True,100,0.8,200
1235,58,0.5865023999999721,47.0,5967.0,True,100,0.8,200
1236,59,0.5959406999999715,47.0,6068.0,True,100,0.8,200
1237,60,0.6051880999999639,47.0,6169.0,True,100,0.8,200
1238,61,0.6146210999999653,47.0,6270.0,True,100,0.8,200
1239,62,0.6243076000000087,47.0,6371.0,True,100,0.8,200
1240,63,0.6333457000000067,47.0,6472.0,True,100,0.8,200
1241,64,0.6427732999999876,47.0,6573.0,True,100,0.8,200
1242,65,0.6521346999999764,47.0,6674.0,True,100,0.8,200
1243,66,0.6615128999999911,47.0,6775.0,True,100,0.8,200
1244,67,0.6707776000000081,47.0,6876.0,True,100,0.8,200
1245,68,0.6802796000000058,47.0,6977.0,True,100,0.8,200
1246,69,0.6898331999999527,47.0,7078.0,True,100,0.8,200
1247,70,0.6989939999999706,47.0,7179.0,True,100,0.8,200
1248,71,0.7086069999999722,47.0,7280.0,True,100,0.8,200
1249,72,0.7176385999999866,47.0,7381.0,True,100,0.8,200
1250,73,0.7273890999999821,47.0,7482.0,True,100,0.8,200
1251,74,0.7366482999999562,47.0,7583.0,True,100,0.8,200
1252,75,0.7460942999999816,47.0,7684.0,True,100,0.8,200
1253,76,0.7551969999999528,47.0,7785.0,True,100,0.8,200
1254,77,0.7646338999999784,47.0,7886.0,True,100,0.8,200
1255,78,0.7742164000000002,47.0,7987.0,True,100,0.8,200
1256,79,0.7831751999999597,47.0,8088.0,True,100,0.8,200
1257,80,0.7926808999999935,47.0,8189.0,True,100,0.8,200
1258,81,0.8018900999999801,47.0,8290.0,True,100,0.8,200
1259,82,0.8113078999999743,47.0,8391.0,True,100,0.8,200
1260,83,0.8205798999999843,47.0,8492.0,True,100,0.8,200
1261,84,0.8301588999999581,47.0,8593.0,True,100,0.8,200
1262,85,0.8397594999999569,47.0,8694.0,True,100,0.8,200
1263,86,0.848972099999969,47.0,8795.0,True,100,0.8,200
1264,87,0.858618999999976,47.0,8896.0,True,100,0.8,200
1265,88,0.8679096999999842,47.0,8997.0,True,100,0.8,200
1266,89,0.8774852999999894,47.0,9098.0,True,100,0.8,200
1267,90,0.8867849999999748,47.0,9199.0,True,100,0.8,200
1268,91,0.8963440999999648,47.0,9300.0,True,100,0.8,200
1269,92,0.9056870000000004,47.0,9401.0,True,100,0.8,200
1270,93,0.9153215999999702,47.0,9502.0,True,100,0.8,200
1271,94,0.9248245999999654,47.0,9603.0,True,100,0.8,200
1272,95,0.9342972000000032,47.0,9704.0,True,100,0.8,200
1273,96,0.9436564000000089,47.0,9805.0,True,100,0.8,200
1274,97,0.9529339999999706,47.0,9906.0,True,100,0.8,200
1275,98,0.9623279999999568,47.0,10007.0,True,100,0.8,200
1276,99,0.9714936999999964,47.0,10108.0,True,100,0.8,200
1277,100,0.9824644999999919,47.0,10209.0,True,100,0.8,200
1278,101,0.992011199999979,47.0,10310.0,True,100,0.8,200
1279,102,0.00045660000000680157,47.0,10411.0,True,100,0.8,200
1280,103,0.014282100000002629,47.0,10512.0,True,100,0.8,200
1281,104,0.030755999999996675,47.0,10613.0,True,100,0.8,200
1282,105,0.045583399999998164,47.0,10714.0,True,100,0.8,200
1283,106,0.06528559999998151,47.0,10815.0,True,100,0.8,200
1284,107,0.079538800000023,47.0,10916.0,True,100,0.8,200
1285,108,0.09117539999999735,47.0,11017.0,True,100,0.8,200
1286,109,0.10146869999999808,47.0,11118.0,True,100,0.8,200
1287,110,0.11161670000001322,47.0,11219.0,True,100,0.8,200
1288,111,0.12130819999998721,47.0,11320.0,True,100,0.8,200
1289,112,0.13140889999999672,47.0,11421.0,True,100,0.8,200
1290,113,0.14106420000001663,47.0,11522.0,True,100,0.8,200
1291,114,0.15097209999998995,47.0,11623.0,True,100,0.8,200
1292,115,0.16091699999998355,47.0,11724.0,True,100,0.8,200
1293,116,0.1703555999999935,47.0,11825.0,True,100,0.8,200
1294,117,0.1801720000000273,47.0,11926.0,True,100,0.8,200
1295,118,0.19073470000000725,47.0,12027.0,True,100,0.8,200
1296,119,0.20083379999999806,47.0,12128.0,True,100,0.8,200
1297,120,0.21074399999997695,47.0,12229.0,True,100,0.8,200
1298,121,0.22021960000000718,47.0,12330.0,True,100,0.8,200
1299,122,0.23011100000002216,47.0,12431.0,True,100,0.8,200
1300,123,0.2394598000000201,47.0,12532.0,True,100,0.8,200
