,Iteration,Time,Fitness,FEvals,Population Size,Mutation Rate,max_iters
0,0,0.007252000000107728,3696.564717891505,200.0,200,0.1,100
1,1,0.03011970000011388,3902.2185215941104,402.0,200,0.1,100
2,2,0.04257550000011179,3955.0968215561234,604.0,200,0.1,100
3,3,0.05530280000016319,3955.0968215561234,805.0,200,0.1,100
4,4,0.06913830000007692,3984.934127876878,1007.0,200,0.1,100
5,5,0.08248410000010153,3984.934127876878,1208.0,200,0.1,100
6,6,0.09518479999996998,3984.934127876878,1409.0,200,0.1,100
7,7,0.1083997000000636,3984.934127876878,1610.0,200,0.1,100
8,8,0.12341650000007576,3988.88474434461,1812.0,200,0.1,100
9,9,0.13929720000010093,4009.629394410501,2014.0,200,0.1,100
10,10,0.15442640000014762,4011.4849865599763,2216.0,200,0.1,100
11,11,0.16924500000004628,4021.658627645754,2418.0,200,0.1,100
12,12,0.1825228000000152,4021.658627645754,2619.0,200,0.1,100
13,13,0.19544130000008408,4035.8407625895275,2821.0,200,0.1,100
14,14,0.20877459999996972,4111.4713562325205,3023.0,200,0.1,100
15,15,0.22212950000016463,4111.4713562325205,3224.0,200,0.1,100
16,16,0.23537110000006578,4111.4713562325205,3425.0,200,0.1,100
17,17,0.24847350000004553,4111.4713562325205,3626.0,200,0.1,100
18,18,0.2613926999999876,4111.4713562325205,3827.0,200,0.1,100
19,19,0.27497440000001916,4111.4713562325205,4028.0,200,0.1,100
20,20,0.28856370000016796,4147.865383718843,4230.0,200,0.1,100
21,21,0.3021400000000085,4180.955342645368,4432.0,200,0.1,100
22,22,0.31562810000013997,4180.955342645368,4633.0,200,0.1,100
23,23,0.3287677000000713,4204.332478446444,4835.0,200,0.1,100
24,24,0.3476382999999714,4204.332478446444,5036.0,200,0.1,100
25,25,0.36053830000014386,4204.332478446444,5237.0,200,0.1,100
26,26,0.3739256999999725,4226.348653116734,5439.0,200,0.1,100
27,27,0.38729570000009517,4226.348653116734,5640.0,200,0.1,100
28,28,0.4005984000000353,4226.348653116734,5841.0,200,0.1,100
29,29,0.4140002000001459,4226.348653116734,6042.0,200,0.1,100
30,30,0.42747080000003734,4277.422248889211,6244.0,200,0.1,100
31,31,0.44074700000010125,4308.044685077868,6446.0,200,0.1,100
32,32,0.45423470000014277,4325.38945905593,6648.0,200,0.1,100
33,33,0.4674747000001389,4325.38945905593,6849.0,200,0.1,100
34,34,0.4807033000001866,4325.38945905593,7050.0,200,0.1,100
35,35,0.49363149999999223,4325.38945905593,7251.0,200,0.1,100
36,36,0.5069998000001306,4325.38945905593,7452.0,200,0.1,100
37,37,0.5202077000001282,4325.38945905593,7653.0,200,0.1,100
38,38,0.5333241000000726,4325.38945905593,7854.0,200,0.1,100
39,39,0.5527822999999898,4325.38945905593,8055.0,200,0.1,100
40,40,0.5682054999999764,4325.38945905593,8256.0,200,0.1,100
41,41,0.5829972000001362,4328.841717766772,8458.0,200,0.1,100
42,42,0.597296500000084,4348.157931465734,8660.0,200,0.1,100
43,43,0.6099077000001216,4348.157931465734,8861.0,200,0.1,100
44,44,0.6237148000000161,4353.744299434744,9063.0,200,0.1,100
45,45,0.6380321999999978,4411.209805390579,9265.0,200,0.1,100
46,46,0.652352700000165,4428.451367276283,9467.0,200,0.1,100
47,47,0.6653060000001005,4428.451367276283,9668.0,200,0.1,100
48,48,0.6778822000001128,4428.451367276283,9869.0,200,0.1,100
49,49,0.690887800000155,4428.451367276283,10070.0,200,0.1,100
50,50,0.7039548000000195,4428.451367276283,10271.0,200,0.1,100
51,51,0.7170941000001676,4428.451367276283,10472.0,200,0.1,100
52,52,0.7303306999999677,4436.869838968102,10674.0,200,0.1,100
53,53,0.7440139000000272,4446.541817821346,10876.0,200,0.1,100
54,54,0.7585028000000875,4456.507553781319,11078.0,200,0.1,100
55,55,0.7728315000001658,4456.507553781319,11279.0,200,0.1,100
56,56,0.7862714000000324,4456.507553781319,11480.0,200,0.1,100
57,57,0.8049782000000505,4456.507553781319,11681.0,200,0.1,100
58,58,0.8204718000001776,4469.243732414516,11883.0,200,0.1,100
59,59,0.8345123000001422,4493.728500864861,12085.0,200,0.1,100
60,60,0.8487176000001,4493.728500864861,12286.0,200,0.1,100
61,61,0.8626386000000821,4493.728500864861,12487.0,200,0.1,100
62,62,0.876080500000171,4493.728500864861,12688.0,200,0.1,100
63,63,0.8899135000001479,4533.890161705514,12890.0,200,0.1,100
64,64,0.9049863000000187,4533.890161705514,13091.0,200,0.1,100
65,65,0.9184972000000471,4533.890161705514,13292.0,200,0.1,100
66,66,0.9323891999999887,4533.890161705514,13493.0,200,0.1,100
67,67,0.9460261000001537,4551.05680930559,13695.0,200,0.1,100
68,68,0.9598541000000296,4551.05680930559,13896.0,200,0.1,100
69,69,0.975138200000174,4551.05680930559,14097.0,200,0.1,100
70,70,0.9887633000000733,4551.05680930559,14298.0,200,0.1,100
71,71,1.0018948000001728,4559.382731036749,14500.0,200,0.1,100
72,72,1.016377700000021,4577.738856304075,14702.0,200,0.1,100
73,73,1.0296135000000959,4577.738856304075,14903.0,200,0.1,100
74,74,1.0437301000001753,4577.738856304075,15104.0,200,0.1,100
75,75,1.062711100000115,4620.943519067014,15306.0,200,0.1,100
76,76,1.0813596000000416,4620.943519067014,15507.0,200,0.1,100
77,77,1.0983448000001772,4620.943519067014,15708.0,200,0.1,100
78,78,1.1141096000001198,4620.943519067014,15909.0,200,0.1,100
79,79,1.127162300000009,4620.943519067014,16110.0,200,0.1,100
80,80,1.1405378000001747,4620.943519067014,16311.0,200,0.1,100
81,81,1.1539592999999968,4620.943519067014,16512.0,200,0.1,100
82,82,1.1673729999999978,4620.943519067014,16713.0,200,0.1,100
83,83,1.180721100000028,4620.943519067014,16914.0,200,0.1,100
84,84,1.1936686999999893,4620.943519067014,17115.0,200,0.1,100
85,85,1.2069698000000244,4620.943519067014,17316.0,200,0.1,100
86,86,1.2286945000000742,4649.211684025184,17518.0,200,0.1,100
87,87,1.2422017000001233,4649.211684025184,17719.0,200,0.1,100
88,88,1.2552824000001692,4649.211684025184,17920.0,200,0.1,100
89,89,1.26832370000011,4649.211684025184,18121.0,200,0.1,100
90,90,1.2884802000000946,4649.211684025184,18322.0,200,0.1,100
91,91,1.3049126000000797,4663.760338146556,18524.0,200,0.1,100
92,92,1.3262756000001445,4663.760338146556,18725.0,200,0.1,100
93,93,1.3427761000000373,4669.299238734871,18927.0,200,0.1,100
94,94,1.3562540000000354,4670.948638651874,19129.0,200,0.1,100
95,95,1.369856400000117,4675.554204671356,19331.0,200,0.1,100
96,96,1.3836750000000393,4675.554204671356,19532.0,200,0.1,100
97,97,1.3977329000001646,4675.554204671356,19733.0,200,0.1,100
98,98,1.4115513000001556,4675.554204671356,19934.0,200,0.1,100
99,99,1.4257893000001332,4688.071957740723,20136.0,200,0.1,100
100,100,1.4397930000000088,4711.491274596673,20338.0,200,0.1,100
101,0,0.007252000000107728,3696.564717891505,200.0,200,0.25,100
102,1,0.03011970000011388,3882.425232238066,402.0,200,0.25,100
103,2,0.04257550000011179,3882.425232238066,603.0,200,0.25,100
104,3,0.05530280000016319,3882.425232238066,804.0,200,0.25,100
105,4,0.06913830000007692,3983.8543098977425,1006.0,200,0.25,100
106,5,0.08248410000010153,3983.8543098977425,1207.0,200,0.25,100
107,6,0.09518479999996998,3983.8543098977425,1408.0,200,0.25,100
108,7,0.1083997000000636,3984.453500579913,1610.0,200,0.25,100
109,8,0.12341650000007576,3986.798691078976,1812.0,200,0.25,100
110,9,0.13929720000010093,3986.798691078976,2013.0,200,0.25,100
111,10,0.15442640000014762,3986.798691078976,2214.0,200,0.25,100
112,11,0.16924500000004628,4060.480698925028,2416.0,200,0.25,100
113,12,0.1825228000000152,4084.782336645158,2618.0,200,0.25,100
114,13,0.19544130000008408,4084.782336645158,2819.0,200,0.25,100
115,14,0.20877459999996972,4088.32401188489,3021.0,200,0.25,100
116,15,0.22212950000016463,4093.0705892790356,3223.0,200,0.25,100
117,16,0.23537110000006578,4093.0705892790356,3424.0,200,0.25,100
118,17,0.24847350000004553,4093.0705892790356,3625.0,200,0.25,100
119,18,0.2613926999999876,4128.218497014376,3827.0,200,0.25,100
120,19,0.27497440000001916,4131.0808218499105,4029.0,200,0.25,100
121,20,0.28856370000016796,4131.0808218499105,4230.0,200,0.25,100
122,21,0.3021400000000085,4161.97765706435,4432.0,200,0.25,100
123,22,0.31562810000013997,4161.97765706435,4633.0,200,0.25,100
124,23,0.3287677000000713,4200.312152000037,4835.0,200,0.25,100
125,24,0.3476382999999714,4223.458451194646,5037.0,200,0.25,100
126,25,0.36053830000014386,4223.458451194646,5238.0,200,0.25,100
127,26,0.3739256999999725,4223.458451194646,5439.0,200,0.25,100
128,27,0.38729570000009517,4223.458451194646,5640.0,200,0.25,100
129,28,0.4005984000000353,4275.88530859222,5842.0,200,0.25,100
130,29,0.4140002000001459,4275.88530859222,6043.0,200,0.25,100
131,30,0.42747080000003734,4275.88530859222,6244.0,200,0.25,100
132,31,0.44074700000010125,4275.88530859222,6445.0,200,0.25,100
133,32,0.45423470000014277,4305.399888816559,6647.0,200,0.25,100
134,33,0.4674747000001389,4305.399888816559,6848.0,200,0.25,100
135,34,0.4807033000001866,4305.399888816559,7049.0,200,0.25,100
136,35,0.49363149999999223,4305.399888816559,7250.0,200,0.25,100
137,36,0.5069998000001306,4327.050181915694,7452.0,200,0.25,100
138,37,0.5202077000001282,4345.924170116085,7654.0,200,0.25,100
139,38,0.5333241000000726,4345.924170116085,7855.0,200,0.25,100
140,39,0.5527822999999898,4345.924170116085,8056.0,200,0.25,100
141,40,0.5682054999999764,4390.2000804020245,8258.0,200,0.25,100
142,41,0.5829972000001362,4390.2000804020245,8459.0,200,0.25,100
143,42,0.597296500000084,4403.875710974778,8661.0,200,0.25,100
144,43,0.6099077000001216,4403.875710974778,8862.0,200,0.25,100
145,44,0.6237148000000161,4403.875710974778,9063.0,200,0.25,100
146,45,0.6380321999999978,4403.875710974778,9264.0,200,0.25,100
147,46,0.652352700000165,4445.651663920324,9466.0,200,0.25,100
148,47,0.6653060000001005,4445.651663920324,9667.0,200,0.25,100
149,48,0.6778822000001128,4458.700931555481,9869.0,200,0.25,100
150,49,0.690887800000155,4458.700931555481,10070.0,200,0.25,100
151,50,0.7039548000000195,4458.700931555481,10271.0,200,0.25,100
152,51,0.7170941000001676,4458.700931555481,10472.0,200,0.25,100
153,52,0.7303306999999677,4458.700931555481,10673.0,200,0.25,100
154,53,0.7440139000000272,4458.700931555481,10874.0,200,0.25,100
155,54,0.7585028000000875,4473.137932822152,11076.0,200,0.25,100
156,55,0.7728315000001658,4473.137932822152,11277.0,200,0.25,100
157,56,0.7862714000000324,4480.203388061382,11479.0,200,0.25,100
158,57,0.8049782000000505,4480.203388061382,11680.0,200,0.25,100
159,58,0.8204718000001776,4480.203388061382,11881.0,200,0.25,100
160,59,0.8345123000001422,4500.7327672021665,12083.0,200,0.25,100
161,60,0.8487176000001,4500.7327672021665,12284.0,200,0.25,100
162,61,0.8626386000000821,4500.7327672021665,12485.0,200,0.25,100
163,62,0.876080500000171,4538.332865263889,12687.0,200,0.25,100
164,63,0.8899135000001479,4538.332865263889,12888.0,200,0.25,100
165,64,0.9049863000000187,4543.533618395493,13090.0,200,0.25,100
166,65,0.9184972000000471,4568.380529229853,13292.0,200,0.25,100
167,66,0.9323891999999887,4568.380529229853,13493.0,200,0.25,100
168,67,0.9460261000001537,4568.380529229853,13694.0,200,0.25,100
169,68,0.9598541000000296,4568.380529229853,13895.0,200,0.25,100
170,69,0.975138200000174,4572.0230035182385,14097.0,200,0.25,100
171,70,0.9887633000000733,4572.0230035182385,14298.0,200,0.25,100
172,71,1.0018948000001728,4572.0230035182385,14499.0,200,0.25,100
173,72,1.016377700000021,4573.784958598999,14701.0,200,0.25,100
174,73,1.0296135000000959,4573.784958598999,14902.0,200,0.25,100
175,74,1.0437301000001753,4586.828415420683,15104.0,200,0.25,100
176,75,1.062711100000115,4589.293630145596,15306.0,200,0.25,100
177,76,1.0813596000000416,4591.065157070107,15508.0,200,0.25,100
178,77,1.0983448000001772,4613.542038767313,15710.0,200,0.25,100
179,78,1.1141096000001198,4613.542038767313,15911.0,200,0.25,100
180,79,1.127162300000009,4622.969675551473,16113.0,200,0.25,100
181,80,1.1405378000001747,4625.310045170224,16315.0,200,0.25,100
182,81,1.1539592999999968,4625.310045170224,16516.0,200,0.25,100
183,82,1.1673729999999978,4625.568548673266,16718.0,200,0.25,100
184,83,1.180721100000028,4640.202330914175,16920.0,200,0.25,100
185,84,1.1936686999999893,4640.202330914175,17121.0,200,0.25,100
186,85,1.2069698000000244,4640.202330914175,17322.0,200,0.25,100
187,86,1.2286945000000742,4642.656474878191,17524.0,200,0.25,100
188,87,1.2422017000001233,4648.619098949093,17726.0,200,0.25,100
189,88,1.2552824000001692,4688.185543171262,17928.0,200,0.25,100
190,89,1.26832370000011,4688.185543171262,18129.0,200,0.25,100
191,90,1.2884802000000946,4688.185543171262,18330.0,200,0.25,100
192,91,1.3049126000000797,4688.185543171262,18531.0,200,0.25,100
193,92,1.3262756000001445,4688.185543171262,18732.0,200,0.25,100
194,93,1.3427761000000373,4688.185543171262,18933.0,200,0.25,100
195,94,1.3562540000000354,4688.185543171262,19134.0,200,0.25,100
196,95,1.369856400000117,4688.185543171262,19335.0,200,0.25,100
197,96,1.3836750000000393,4688.185543171262,19536.0,200,0.25,100
198,97,1.3977329000001646,4688.185543171262,19737.0,200,0.25,100
199,98,1.4115513000001556,4693.028438023538,19939.0,200,0.25,100
200,99,1.4257893000001332,4697.080113557335,20141.0,200,0.25,100
201,100,1.4397930000000088,4697.080113557335,20342.0,200,0.25,100
202,0,0.007252000000107728,3696.564717891505,200.0,200,0.5,100
203,1,0.03011970000011388,3882.425232238066,402.0,200,0.5,100
204,2,0.04257550000011179,3984.8950811374525,604.0,200,0.5,100
205,3,0.05530280000016319,4039.2395438622266,806.0,200,0.5,100
206,4,0.06913830000007692,4039.2395438622266,1007.0,200,0.5,100
207,5,0.08248410000010153,4039.2395438622266,1208.0,200,0.5,100
208,6,0.09518479999996998,4039.2395438622266,1409.0,200,0.5,100
209,7,0.1083997000000636,4039.2395438622266,1610.0,200,0.5,100
210,8,0.12341650000007576,4039.2395438622266,1811.0,200,0.5,100
211,9,0.13929720000010093,4039.2395438622266,2012.0,200,0.5,100
212,10,0.15442640000014762,4039.2395438622266,2213.0,200,0.5,100
213,11,0.16924500000004628,4039.2395438622266,2414.0,200,0.5,100
214,12,0.1825228000000152,4039.2395438622266,2615.0,200,0.5,100
215,13,0.19544130000008408,4039.2395438622266,2816.0,200,0.5,100
216,14,0.20877459999996972,4039.2395438622266,3017.0,200,0.5,100
217,15,0.22212950000016463,4110.960051288244,3219.0,200,0.5,100
218,16,0.23537110000006578,4110.960051288244,3420.0,200,0.5,100
219,17,0.24847350000004553,4110.960051288244,3621.0,200,0.5,100
220,18,0.2613926999999876,4181.243440495769,3823.0,200,0.5,100
221,19,0.27497440000001916,4181.243440495769,4024.0,200,0.5,100
222,20,0.28856370000016796,4181.243440495769,4225.0,200,0.5,100
223,21,0.3021400000000085,4181.243440495769,4426.0,200,0.5,100
224,22,0.31562810000013997,4181.243440495769,4627.0,200,0.5,100
225,23,0.3287677000000713,4181.243440495769,4828.0,200,0.5,100
226,24,0.3476382999999714,4194.114191281474,5030.0,200,0.5,100
227,25,0.36053830000014386,4218.653607495436,5232.0,200,0.5,100
228,26,0.3739256999999725,4219.225344668341,5434.0,200,0.5,100
229,27,0.38729570000009517,4255.571578196204,5636.0,200,0.5,100
230,28,0.4005984000000353,4255.571578196204,5837.0,200,0.5,100
231,29,0.4140002000001459,4284.32834681786,6039.0,200,0.5,100
232,30,0.42747080000003734,4284.32834681786,6240.0,200,0.5,100
233,31,0.44074700000010125,4284.32834681786,6441.0,200,0.5,100
234,32,0.45423470000014277,4284.32834681786,6642.0,200,0.5,100
235,33,0.4674747000001389,4284.32834681786,6843.0,200,0.5,100
236,34,0.4807033000001866,4284.32834681786,7044.0,200,0.5,100
237,35,0.49363149999999223,4292.511287803753,7246.0,200,0.5,100
238,36,0.5069998000001306,4318.3779717764055,7448.0,200,0.5,100
239,37,0.5202077000001282,4330.82561327914,7650.0,200,0.5,100
240,38,0.5333241000000726,4348.222355037075,7852.0,200,0.5,100
241,39,0.5527822999999898,4348.222355037075,8053.0,200,0.5,100
242,40,0.5682054999999764,4370.266936998401,8255.0,200,0.5,100
243,41,0.5829972000001362,4370.266936998401,8456.0,200,0.5,100
244,42,0.597296500000084,4428.44967995082,8658.0,200,0.5,100
245,43,0.6099077000001216,4428.44967995082,8859.0,200,0.5,100
246,44,0.6237148000000161,4428.44967995082,9060.0,200,0.5,100
247,45,0.6380321999999978,4437.488738094439,9262.0,200,0.5,100
248,46,0.652352700000165,4437.488738094439,9463.0,200,0.5,100
249,47,0.6653060000001005,4437.488738094439,9664.0,200,0.5,100
250,48,0.6778822000001128,4437.488738094439,9865.0,200,0.5,100
251,49,0.690887800000155,4437.488738094439,10066.0,200,0.5,100
252,50,0.7039548000000195,4437.488738094439,10267.0,200,0.5,100
253,51,0.7170941000001676,4437.488738094439,10468.0,200,0.5,100
254,52,0.7303306999999677,4437.488738094439,10669.0,200,0.5,100
255,53,0.7440139000000272,4438.78489287045,10871.0,200,0.5,100
256,54,0.7585028000000875,4446.353065783922,11073.0,200,0.5,100
257,55,0.7728315000001658,4446.353065783922,11274.0,200,0.5,100
258,56,0.7862714000000324,4503.106900597752,11476.0,200,0.5,100
259,57,0.8049782000000505,4504.84347412628,11678.0,200,0.5,100
260,58,0.8204718000001776,4504.84347412628,11879.0,200,0.5,100
261,59,0.8345123000001422,4525.656554877538,12081.0,200,0.5,100
262,60,0.8487176000001,4525.656554877538,12282.0,200,0.5,100
263,61,0.8626386000000821,4525.656554877538,12483.0,200,0.5,100
264,62,0.876080500000171,4525.656554877538,12684.0,200,0.5,100
265,63,0.8899135000001479,4559.3479874444065,12886.0,200,0.5,100
266,64,0.9049863000000187,4559.3479874444065,13087.0,200,0.5,100
267,65,0.9184972000000471,4559.3479874444065,13288.0,200,0.5,100
268,66,0.9323891999999887,4573.610471234273,13490.0,200,0.5,100
269,67,0.9460261000001537,4578.100406192324,13692.0,200,0.5,100
270,68,0.9598541000000296,4578.100406192324,13893.0,200,0.5,100
271,69,0.975138200000174,4580.775987537604,14095.0,200,0.5,100
272,70,0.9887633000000733,4580.775987537604,14296.0,200,0.5,100
273,71,1.0018948000001728,4582.937344308909,14498.0,200,0.5,100
274,72,1.016377700000021,4582.937344308909,14699.0,200,0.5,100
275,73,1.0296135000000959,4582.937344308909,14900.0,200,0.5,100
276,74,1.0437301000001753,4599.250525272157,15102.0,200,0.5,100
277,75,1.062711100000115,4627.684379234937,15304.0,200,0.5,100
278,76,1.0813596000000416,4627.684379234937,15505.0,200,0.5,100
279,77,1.0983448000001772,4627.684379234937,15706.0,200,0.5,100
280,78,1.1141096000001198,4627.684379234937,15907.0,200,0.5,100
281,79,1.127162300000009,4627.684379234937,16108.0,200,0.5,100
282,80,1.1405378000001747,4645.001655042415,16310.0,200,0.5,100
283,81,1.1539592999999968,4645.001655042415,16511.0,200,0.5,100
284,82,1.1673729999999978,4645.001655042415,16712.0,200,0.5,100
285,83,1.180721100000028,4645.001655042415,16913.0,200,0.5,100
286,84,1.1936686999999893,4645.001655042415,17114.0,200,0.5,100
287,85,1.2069698000000244,4645.001655042415,17315.0,200,0.5,100
288,86,1.2286945000000742,4645.001655042415,17516.0,200,0.5,100
289,87,1.2422017000001233,4645.001655042415,17717.0,200,0.5,100
290,88,1.2552824000001692,4645.001655042415,17918.0,200,0.5,100
291,89,1.26832370000011,4665.863110173589,18120.0,200,0.5,100
292,90,1.2884802000000946,4665.863110173589,18321.0,200,0.5,100
293,91,1.3049126000000797,4665.863110173589,18522.0,200,0.5,100
294,92,1.3262756000001445,4671.590299254927,18724.0,200,0.5,100
295,93,1.3427761000000373,4671.590299254927,18925.0,200,0.5,100
296,94,1.3562540000000354,4671.590299254927,19126.0,200,0.5,100
297,95,1.369856400000117,4671.590299254927,19327.0,200,0.5,100
298,96,1.3836750000000393,4671.590299254927,19528.0,200,0.5,100
299,97,1.3977329000001646,4684.0282793080005,19730.0,200,0.5,100
300,98,1.4115513000001556,4684.0282793080005,19931.0,200,0.5,100
301,99,1.4257893000001332,4692.601374376521,20133.0,200,0.5,100
302,100,1.4397930000000088,4723.263549165342,20335.0,200,0.5,100
303,0,0.007252000000107728,3696.564717891505,400.0,400,0.1,100
304,1,0.03011970000011388,3962.5391593614395,802.0,400,0.1,100
305,2,0.04257550000011179,4018.5321704119497,1204.0,400,0.1,100
306,3,0.05530280000016319,4018.5321704119497,1605.0,400,0.1,100
307,4,0.06913830000007692,4018.5321704119497,2006.0,400,0.1,100
308,5,0.08248410000010153,4018.5321704119497,2407.0,400,0.1,100
309,6,0.09518479999996998,4018.5321704119497,2808.0,400,0.1,100
310,7,0.1083997000000636,4050.7035417956445,3210.0,400,0.1,100
311,8,0.12341650000007576,4050.7035417956445,3611.0,400,0.1,100
312,9,0.13929720000010093,4068.751908439711,4013.0,400,0.1,100
313,10,0.15442640000014762,4068.751908439711,4414.0,400,0.1,100
314,11,0.16924500000004628,4076.087302969763,4816.0,400,0.1,100
315,12,0.1825228000000152,4126.687033394672,5218.0,400,0.1,100
316,13,0.19544130000008408,4126.687033394672,5619.0,400,0.1,100
317,14,0.20877459999996972,4126.687033394672,6020.0,400,0.1,100
318,15,0.22212950000016463,4126.687033394672,6421.0,400,0.1,100
319,16,0.23537110000006578,4126.687033394672,6822.0,400,0.1,100
320,17,0.24847350000004553,4175.945884251376,7224.0,400,0.1,100
321,18,0.2613926999999876,4175.945884251376,7625.0,400,0.1,100
322,19,0.27497440000001916,4175.945884251376,8026.0,400,0.1,100
323,20,0.28856370000016796,4186.982928099513,8428.0,400,0.1,100
324,21,0.3021400000000085,4186.982928099513,8829.0,400,0.1,100
325,22,0.31562810000013997,4232.103631345417,9231.0,400,0.1,100
326,23,0.3287677000000713,4303.63489547441,9633.0,400,0.1,100
327,24,0.3476382999999714,4303.63489547441,10034.0,400,0.1,100
328,25,0.36053830000014386,4303.63489547441,10435.0,400,0.1,100
329,26,0.3739256999999725,4303.63489547441,10836.0,400,0.1,100
330,27,0.38729570000009517,4303.63489547441,11237.0,400,0.1,100
331,28,0.4005984000000353,4303.63489547441,11638.0,400,0.1,100
332,29,0.4140002000001459,4303.63489547441,12039.0,400,0.1,100
333,30,0.42747080000003734,4303.63489547441,12440.0,400,0.1,100
334,31,0.44074700000010125,4303.63489547441,12841.0,400,0.1,100
335,32,0.45423470000014277,4303.63489547441,13242.0,400,0.1,100
336,33,0.4674747000001389,4330.886561008051,13644.0,400,0.1,100
337,34,0.4807033000001866,4337.522769920741,14046.0,400,0.1,100
338,35,0.49363149999999223,4360.72087165609,14448.0,400,0.1,100
339,36,0.5069998000001306,4360.72087165609,14849.0,400,0.1,100
340,37,0.5202077000001282,4360.72087165609,15250.0,400,0.1,100
341,38,0.5333241000000726,4360.72087165609,15651.0,400,0.1,100
342,39,0.5527822999999898,4392.392978301293,16053.0,400,0.1,100
343,40,0.5682054999999764,4398.284691975123,16455.0,400,0.1,100
344,41,0.5829972000001362,4398.284691975123,16856.0,400,0.1,100
345,42,0.597296500000084,4398.284691975123,17257.0,400,0.1,100
346,43,0.6099077000001216,4406.081143985348,17659.0,400,0.1,100
347,44,0.6237148000000161,4422.824289381617,18061.0,400,0.1,100
348,45,0.6380321999999978,4422.824289381617,18462.0,400,0.1,100
349,46,0.652352700000165,4490.984638723401,18864.0,400,0.1,100
350,47,0.6653060000001005,4490.984638723401,19265.0,400,0.1,100
351,48,0.6778822000001128,4490.984638723401,19666.0,400,0.1,100
352,49,0.690887800000155,4508.031847912539,20068.0,400,0.1,100
353,50,0.7039548000000195,4508.031847912539,20469.0,400,0.1,100
354,51,0.7170941000001676,4509.619857408614,20871.0,400,0.1,100
355,52,0.7303306999999677,4509.619857408614,21272.0,400,0.1,100
356,53,0.7440139000000272,4534.773655263749,21674.0,400,0.1,100
357,54,0.7585028000000875,4534.773655263749,22075.0,400,0.1,100
358,55,0.7728315000001658,4536.014940055227,22477.0,400,0.1,100
359,56,0.7862714000000324,4536.014940055227,22878.0,400,0.1,100
360,57,0.8049782000000505,4536.014940055227,23279.0,400,0.1,100
361,58,0.8204718000001776,4565.605943080205,23681.0,400,0.1,100
362,59,0.8345123000001422,4565.605943080205,24082.0,400,0.1,100
363,60,0.8487176000001,4565.605943080205,24483.0,400,0.1,100
364,61,0.8626386000000821,4571.028156883021,24885.0,400,0.1,100
365,62,0.876080500000171,4571.028156883021,25286.0,400,0.1,100
366,63,0.8899135000001479,4581.4272803710155,25688.0,400,0.1,100
367,64,0.9049863000000187,4589.823776478623,26090.0,400,0.1,100
368,65,0.9184972000000471,4589.823776478623,26491.0,400,0.1,100
369,66,0.9323891999999887,4589.823776478623,26892.0,400,0.1,100
370,67,0.9460261000001537,4597.342151251716,27294.0,400,0.1,100
371,68,0.9598541000000296,4597.342151251716,27695.0,400,0.1,100
372,69,0.975138200000174,4597.342151251716,28096.0,400,0.1,100
373,70,0.9887633000000733,4603.450963099585,28498.0,400,0.1,100
374,71,1.0018948000001728,4603.450963099585,28899.0,400,0.1,100
375,72,1.016377700000021,4608.809133157611,29301.0,400,0.1,100
376,73,1.0296135000000959,4608.809133157611,29702.0,400,0.1,100
377,74,1.0437301000001753,4618.665243258894,30104.0,400,0.1,100
378,75,1.062711100000115,4638.865642554604,30506.0,400,0.1,100
379,76,1.0813596000000416,4638.865642554604,30907.0,400,0.1,100
380,77,1.0983448000001772,4672.217755038495,31309.0,400,0.1,100
381,78,1.1141096000001198,4672.217755038495,31710.0,400,0.1,100
382,79,1.127162300000009,4672.217755038495,32111.0,400,0.1,100
383,80,1.1405378000001747,4677.323575956256,32513.0,400,0.1,100
384,81,1.1539592999999968,4677.323575956256,32914.0,400,0.1,100
385,82,1.1673729999999978,4677.323575956256,33315.0,400,0.1,100
386,83,1.180721100000028,4677.323575956256,33716.0,400,0.1,100
387,84,1.1936686999999893,4677.323575956256,34117.0,400,0.1,100
388,85,1.2069698000000244,4677.323575956256,34518.0,400,0.1,100
389,86,1.2286945000000742,4683.491478976153,34920.0,400,0.1,100
390,87,1.2422017000001233,4717.13143268617,35322.0,400,0.1,100
391,88,1.2552824000001692,4717.13143268617,35723.0,400,0.1,100
392,89,1.26832370000011,4717.13143268617,36124.0,400,0.1,100
393,90,1.2884802000000946,4717.13143268617,36525.0,400,0.1,100
394,91,1.3049126000000797,4717.13143268617,36926.0,400,0.1,100
395,92,1.3262756000001445,4717.13143268617,37327.0,400,0.1,100
396,93,1.3427761000000373,4726.634284588765,37729.0,400,0.1,100
397,94,1.3562540000000354,4726.634284588765,38130.0,400,0.1,100
398,95,1.369856400000117,4726.634284588765,38531.0,400,0.1,100
399,96,1.3836750000000393,4737.93712945962,38933.0,400,0.1,100
400,97,1.3977329000001646,4737.93712945962,39334.0,400,0.1,100
401,98,1.4115513000001556,4767.358137055287,39736.0,400,0.1,100
402,99,1.4257893000001332,4767.358137055287,40137.0,400,0.1,100
403,100,1.4397930000000088,4767.358137055287,40538.0,400,0.1,100
404,0,0.007252000000107728,3696.564717891505,400.0,400,0.25,100
405,1,0.03011970000011388,3944.8497202970143,802.0,400,0.25,100
406,2,0.04257550000011179,3944.8497202970143,1203.0,400,0.25,100
407,3,0.05530280000016319,3976.3402027615066,1605.0,400,0.25,100
408,4,0.06913830000007692,3976.3402027615066,2006.0,400,0.25,100
409,5,0.08248410000010153,3976.3402027615066,2407.0,400,0.25,100
410,6,0.09518479999996998,3981.734963691078,2809.0,400,0.25,100
411,7,0.1083997000000636,3981.734963691078,3210.0,400,0.25,100
412,8,0.12341650000007576,3981.734963691078,3611.0,400,0.25,100
413,9,0.13929720000010093,4013.5917075059683,4013.0,400,0.25,100
414,10,0.15442640000014762,4033.882707492225,4415.0,400,0.25,100
415,11,0.16924500000004628,4033.882707492225,4816.0,400,0.25,100
416,12,0.1825228000000152,4062.3573682527976,5218.0,400,0.25,100
417,13,0.19544130000008408,4062.3573682527976,5619.0,400,0.25,100
418,14,0.20877459999996972,4086.8549584893235,6021.0,400,0.25,100
419,15,0.22212950000016463,4086.8549584893235,6422.0,400,0.25,100
420,16,0.23537110000006578,4089.4253178371728,6824.0,400,0.25,100
421,17,0.24847350000004553,4089.4253178371728,7225.0,400,0.25,100
422,18,0.2613926999999876,4165.579878009637,7627.0,400,0.25,100
423,19,0.27497440000001916,4165.579878009637,8028.0,400,0.25,100
424,20,0.28856370000016796,4165.579878009637,8429.0,400,0.25,100
425,21,0.3021400000000085,4174.463153515553,8831.0,400,0.25,100
426,22,0.31562810000013997,4207.350955298061,9233.0,400,0.25,100
427,23,0.3287677000000713,4207.350955298061,9634.0,400,0.25,100
428,24,0.3476382999999714,4207.350955298061,10035.0,400,0.25,100
429,25,0.36053830000014386,4237.400466509118,10437.0,400,0.25,100
430,26,0.3739256999999725,4247.668701528919,10839.0,400,0.25,100
431,27,0.38729570000009517,4247.668701528919,11240.0,400,0.25,100
432,28,0.4005984000000353,4253.900974620649,11642.0,400,0.25,100
433,29,0.4140002000001459,4253.900974620649,12043.0,400,0.25,100
434,30,0.42747080000003734,4310.399421624918,12445.0,400,0.25,100
435,31,0.44074700000010125,4310.399421624918,12846.0,400,0.25,100
436,32,0.45423470000014277,4310.399421624918,13247.0,400,0.25,100
437,33,0.4674747000001389,4320.382105651105,13649.0,400,0.25,100
438,34,0.4807033000001866,4333.603565487209,14051.0,400,0.25,100
439,35,0.49363149999999223,4333.603565487209,14452.0,400,0.25,100
440,36,0.5069998000001306,4333.603565487209,14853.0,400,0.25,100
441,37,0.5202077000001282,4333.603565487209,15254.0,400,0.25,100
442,38,0.5333241000000726,4333.603565487209,15655.0,400,0.25,100
443,39,0.5527822999999898,4419.306414008568,16057.0,400,0.25,100
444,40,0.5682054999999764,4419.306414008568,16458.0,400,0.25,100
445,41,0.5829972000001362,4419.306414008568,16859.0,400,0.25,100
446,42,0.597296500000084,4419.306414008568,17260.0,400,0.25,100
447,43,0.6099077000001216,4419.306414008568,17661.0,400,0.25,100
448,44,0.6237148000000161,4419.306414008568,18062.0,400,0.25,100
449,45,0.6380321999999978,4419.306414008568,18463.0,400,0.25,100
450,46,0.652352700000165,4419.306414008568,18864.0,400,0.25,100
451,47,0.6653060000001005,4439.607849842923,19266.0,400,0.25,100
452,48,0.6778822000001128,4439.607849842923,19667.0,400,0.25,100
453,49,0.690887800000155,4478.69472079427,20069.0,400,0.25,100
454,50,0.7039548000000195,4478.69472079427,20470.0,400,0.25,100
455,51,0.7170941000001676,4478.69472079427,20871.0,400,0.25,100
456,52,0.7303306999999677,4486.826191446367,21273.0,400,0.25,100
457,53,0.7440139000000272,4519.720411887312,21675.0,400,0.25,100
458,54,0.7585028000000875,4519.720411887312,22076.0,400,0.25,100
459,55,0.7728315000001658,4519.720411887312,22477.0,400,0.25,100
460,56,0.7862714000000324,4527.852555720179,22879.0,400,0.25,100
461,57,0.8049782000000505,4543.862033845073,23281.0,400,0.25,100
462,58,0.8204718000001776,4543.862033845073,23682.0,400,0.25,100
463,59,0.8345123000001422,4547.073101246021,24084.0,400,0.25,100
464,60,0.8487176000001,4555.356131294125,24486.0,400,0.25,100
465,61,0.8626386000000821,4561.028585326401,24888.0,400,0.25,100
466,62,0.876080500000171,4561.028585326401,25289.0,400,0.25,100
467,63,0.8899135000001479,4561.028585326401,25690.0,400,0.25,100
468,64,0.9049863000000187,4561.028585326401,26091.0,400,0.25,100
469,65,0.9184972000000471,4577.122840848645,26493.0,400,0.25,100
470,66,0.9323891999999887,4577.122840848645,26894.0,400,0.25,100
471,67,0.9460261000001537,4607.479643153838,27296.0,400,0.25,100
472,68,0.9598541000000296,4617.326511830077,27698.0,400,0.25,100
473,69,0.975138200000174,4617.326511830077,28099.0,400,0.25,100
474,70,0.9887633000000733,4617.326511830077,28500.0,400,0.25,100
475,71,1.0018948000001728,4617.326511830077,28901.0,400,0.25,100
476,72,1.016377700000021,4617.326511830077,29302.0,400,0.25,100
477,73,1.0296135000000959,4617.326511830077,29703.0,400,0.25,100
478,74,1.0437301000001753,4623.4320767525605,30105.0,400,0.25,100
479,75,1.062711100000115,4623.4320767525605,30506.0,400,0.25,100
480,76,1.0813596000000416,4663.2130558055205,30908.0,400,0.25,100
481,77,1.0983448000001772,4663.2130558055205,31309.0,400,0.25,100
482,78,1.1141096000001198,4663.2130558055205,31710.0,400,0.25,100
483,79,1.127162300000009,4663.2130558055205,32111.0,400,0.25,100
484,80,1.1405378000001747,4663.2130558055205,32512.0,400,0.25,100
485,81,1.1539592999999968,4664.248679184175,32914.0,400,0.25,100
486,82,1.1673729999999978,4664.248679184175,33315.0,400,0.25,100
487,83,1.180721100000028,4671.324382204002,33717.0,400,0.25,100
488,84,1.1936686999999893,4671.324382204002,34118.0,400,0.25,100
489,85,1.2069698000000244,4677.849400007555,34520.0,400,0.25,100
490,86,1.2286945000000742,4685.661272204328,34922.0,400,0.25,100
491,87,1.2422017000001233,4694.460702535259,35324.0,400,0.25,100
492,88,1.2552824000001692,4694.460702535259,35725.0,400,0.25,100
493,89,1.26832370000011,4711.357503288997,36127.0,400,0.25,100
494,90,1.2884802000000946,4711.357503288997,36528.0,400,0.25,100
495,91,1.3049126000000797,4711.357503288997,36929.0,400,0.25,100
496,92,1.3262756000001445,4711.357503288997,37330.0,400,0.25,100
497,93,1.3427761000000373,4711.357503288997,37731.0,400,0.25,100
498,94,1.3562540000000354,4728.499379710311,38133.0,400,0.25,100
499,95,1.369856400000117,4728.499379710311,38534.0,400,0.25,100
500,96,1.3836750000000393,4728.499379710311,38935.0,400,0.25,100
501,97,1.3977329000001646,4742.513007816454,39337.0,400,0.25,100
502,98,1.4115513000001556,4742.513007816454,39738.0,400,0.25,100
503,99,1.4257893000001332,4742.513007816454,40139.0,400,0.25,100
504,100,1.4397930000000088,4742.513007816454,40540.0,400,0.25,100
505,0,0.007252000000107728,3696.564717891505,400.0,400,0.5,100
506,1,0.03011970000011388,3944.8497202970143,802.0,400,0.5,100
507,2,0.04257550000011179,3944.8497202970143,1203.0,400,0.5,100
508,3,0.05530280000016319,3944.8497202970143,1604.0,400,0.5,100
509,4,0.06913830000007692,3944.8497202970143,2005.0,400,0.5,100
510,5,0.08248410000010153,3979.1419630220325,2407.0,400,0.5,100
511,6,0.09518479999996998,4002.2324552185037,2809.0,400,0.5,100
512,7,0.1083997000000636,4027.9640356500086,3211.0,400,0.5,100
513,8,0.12341650000007576,4027.9640356500086,3612.0,400,0.5,100
514,9,0.13929720000010093,4068.6110688769927,4014.0,400,0.5,100
515,10,0.15442640000014762,4068.6110688769927,4415.0,400,0.5,100
516,11,0.16924500000004628,4068.6110688769927,4816.0,400,0.5,100
517,12,0.1825228000000152,4089.5302098290476,5218.0,400,0.5,100
518,13,0.19544130000008408,4089.5302098290476,5619.0,400,0.5,100
519,14,0.20877459999996972,4089.5302098290476,6020.0,400,0.5,100
520,15,0.22212950000016463,4089.8184809455925,6422.0,400,0.5,100
521,16,0.23537110000006578,4119.840524454704,6824.0,400,0.5,100
522,17,0.24847350000004553,4119.840524454704,7225.0,400,0.5,100
523,18,0.2613926999999876,4164.9148651520245,7627.0,400,0.5,100
524,19,0.27497440000001916,4164.9148651520245,8028.0,400,0.5,100
525,20,0.28856370000016796,4164.9148651520245,8429.0,400,0.5,100
526,21,0.3021400000000085,4251.219417007593,8831.0,400,0.5,100
527,22,0.31562810000013997,4251.219417007593,9232.0,400,0.5,100
528,23,0.3287677000000713,4251.219417007593,9633.0,400,0.5,100
529,24,0.3476382999999714,4251.219417007593,10034.0,400,0.5,100
530,25,0.36053830000014386,4251.219417007593,10435.0,400,0.5,100
531,26,0.3739256999999725,4275.182005499213,10837.0,400,0.5,100
532,27,0.38729570000009517,4275.182005499213,11238.0,400,0.5,100
533,28,0.4005984000000353,4275.182005499213,11639.0,400,0.5,100
534,29,0.4140002000001459,4275.182005499213,12040.0,400,0.5,100
535,30,0.42747080000003734,4310.841566400928,12442.0,400,0.5,100
536,31,0.44074700000010125,4342.193518086398,12844.0,400,0.5,100
537,32,0.45423470000014277,4342.193518086398,13245.0,400,0.5,100
538,33,0.4674747000001389,4346.48766987451,13647.0,400,0.5,100
539,34,0.4807033000001866,4361.119965047513,14049.0,400,0.5,100
540,35,0.49363149999999223,4389.400969880184,14451.0,400,0.5,100
541,36,0.5069998000001306,4394.632785382056,14853.0,400,0.5,100
542,37,0.5202077000001282,4394.632785382056,15254.0,400,0.5,100
543,38,0.5333241000000726,4400.346070446925,15656.0,400,0.5,100
544,39,0.5527822999999898,4400.346070446925,16057.0,400,0.5,100
545,40,0.5682054999999764,4402.181564716153,16459.0,400,0.5,100
546,41,0.5829972000001362,4402.181564716153,16860.0,400,0.5,100
547,42,0.597296500000084,4449.881065931484,17262.0,400,0.5,100
548,43,0.6099077000001216,4449.881065931484,17663.0,400,0.5,100
549,44,0.6237148000000161,4475.632842179266,18065.0,400,0.5,100
550,45,0.6380321999999978,4475.632842179266,18466.0,400,0.5,100
551,46,0.652352700000165,4484.553632317982,18868.0,400,0.5,100
552,47,0.6653060000001005,4484.553632317982,19269.0,400,0.5,100
553,48,0.6778822000001128,4484.553632317982,19670.0,400,0.5,100
554,49,0.690887800000155,4491.741116127609,20072.0,400,0.5,100
555,50,0.7039548000000195,4496.979635362311,20474.0,400,0.5,100
556,51,0.7170941000001676,4552.762843045035,20876.0,400,0.5,100
557,52,0.7303306999999677,4552.762843045035,21277.0,400,0.5,100
558,53,0.7440139000000272,4552.762843045035,21678.0,400,0.5,100
559,54,0.7585028000000875,4552.762843045035,22079.0,400,0.5,100
560,55,0.7728315000001658,4564.464515794794,22481.0,400,0.5,100
561,56,0.7862714000000324,4564.464515794794,22882.0,400,0.5,100
562,57,0.8049782000000505,4564.464515794794,23283.0,400,0.5,100
563,58,0.8204718000001776,4564.464515794794,23684.0,400,0.5,100
564,59,0.8345123000001422,4569.956809302592,24086.0,400,0.5,100
565,60,0.8487176000001,4579.775994942391,24488.0,400,0.5,100
566,61,0.8626386000000821,4637.555489259068,24890.0,400,0.5,100
567,62,0.876080500000171,4637.555489259068,25291.0,400,0.5,100
568,63,0.8899135000001479,4637.555489259068,25692.0,400,0.5,100
569,64,0.9049863000000187,4637.555489259068,26093.0,400,0.5,100
570,65,0.9184972000000471,4637.555489259068,26494.0,400,0.5,100
571,66,0.9323891999999887,4637.555489259068,26895.0,400,0.5,100
572,67,0.9460261000001537,4637.555489259068,27296.0,400,0.5,100
573,68,0.9598541000000296,4637.555489259068,27697.0,400,0.5,100
574,69,0.975138200000174,4637.555489259068,28098.0,400,0.5,100
575,70,0.9887633000000733,4637.555489259068,28499.0,400,0.5,100
576,71,1.0018948000001728,4637.555489259068,28900.0,400,0.5,100
577,72,1.016377700000021,4637.883644172415,29302.0,400,0.5,100
578,73,1.0296135000000959,4640.4006183705515,29704.0,400,0.5,100
579,74,1.0437301000001753,4640.4006183705515,30105.0,400,0.5,100
580,75,1.062711100000115,4641.659133680245,30507.0,400,0.5,100
581,76,1.0813596000000416,4641.659133680245,30908.0,400,0.5,100
582,77,1.0983448000001772,4666.5919533681645,31310.0,400,0.5,100
583,78,1.1141096000001198,4666.5919533681645,31711.0,400,0.5,100
584,79,1.127162300000009,4666.5919533681645,32112.0,400,0.5,100
585,80,1.1405378000001747,4669.418708587646,32514.0,400,0.5,100
586,81,1.1539592999999968,4673.248372655075,32916.0,400,0.5,100
587,82,1.1673729999999978,4692.9961142579,33318.0,400,0.5,100
588,83,1.180721100000028,4692.9961142579,33719.0,400,0.5,100
589,84,1.1936686999999893,4692.9961142579,34120.0,400,0.5,100
590,85,1.2069698000000244,4692.9961142579,34521.0,400,0.5,100
591,86,1.2286945000000742,4692.9961142579,34922.0,400,0.5,100
592,87,1.2422017000001233,4692.9961142579,35323.0,400,0.5,100
593,88,1.2552824000001692,4692.9961142579,35724.0,400,0.5,100
594,89,1.26832370000011,4692.9961142579,36125.0,400,0.5,100
595,90,1.2884802000000946,4709.779357881409,36527.0,400,0.5,100
596,91,1.3049126000000797,4709.779357881409,36928.0,400,0.5,100
597,92,1.3262756000001445,4709.779357881409,37329.0,400,0.5,100
598,93,1.3427761000000373,4709.779357881409,37730.0,400,0.5,100
599,94,1.3562540000000354,4709.779357881409,38131.0,400,0.5,100
600,95,1.369856400000117,4709.779357881409,38532.0,400,0.5,100
601,96,1.3836750000000393,4709.779357881409,38933.0,400,0.5,100
602,97,1.3977329000001646,4714.055001123754,39335.0,400,0.5,100
603,98,1.4115513000001556,4717.555689289062,39737.0,400,0.5,100
604,99,1.4257893000001332,4729.265133346449,40139.0,400,0.5,100
605,100,1.4397930000000088,4729.265133346449,40540.0,400,0.5,100
606,0,0.007252000000107728,3696.564717891505,600.0,600,0.1,100
607,1,0.03011970000011388,3944.8497202970143,1202.0,600,0.1,100
608,2,0.04257550000011179,3944.8497202970143,1803.0,600,0.1,100
609,3,0.05530280000016319,3947.7811412106985,2405.0,600,0.1,100
610,4,0.06913830000007692,4028.4569646901145,3007.0,600,0.1,100
611,5,0.08248410000010153,4028.4569646901145,3608.0,600,0.1,100
612,6,0.09518479999996998,4028.4569646901145,4209.0,600,0.1,100
613,7,0.1083997000000636,4028.4569646901145,4810.0,600,0.1,100
614,8,0.12341650000007576,4028.4569646901145,5411.0,600,0.1,100
615,9,0.13929720000010093,4028.4569646901145,6012.0,600,0.1,100
616,10,0.15442640000014762,4036.159885805986,6614.0,600,0.1,100
617,11,0.16924500000004628,4083.662595209068,7216.0,600,0.1,100
618,12,0.1825228000000152,4083.662595209068,7817.0,600,0.1,100
619,13,0.19544130000008408,4088.1513866752803,8419.0,600,0.1,100
620,14,0.20877459999996972,4095.494075571826,9021.0,600,0.1,100
621,15,0.22212950000016463,4100.622350042374,9623.0,600,0.1,100
622,16,0.23537110000006578,4199.783422176526,10225.0,600,0.1,100
623,17,0.24847350000004553,4199.783422176526,10826.0,600,0.1,100
624,18,0.2613926999999876,4199.783422176526,11427.0,600,0.1,100
625,19,0.27497440000001916,4199.783422176526,12028.0,600,0.1,100
626,20,0.28856370000016796,4199.783422176526,12629.0,600,0.1,100
627,21,0.3021400000000085,4249.161748824593,13231.0,600,0.1,100
628,22,0.31562810000013997,4249.161748824593,13832.0,600,0.1,100
629,23,0.3287677000000713,4249.161748824593,14433.0,600,0.1,100
630,24,0.3476382999999714,4249.161748824593,15034.0,600,0.1,100
631,25,0.36053830000014386,4255.787027742626,15636.0,600,0.1,100
632,26,0.3739256999999725,4264.317691503766,16238.0,600,0.1,100
633,27,0.38729570000009517,4264.317691503766,16839.0,600,0.1,100
634,28,0.4005984000000353,4284.522155636527,17441.0,600,0.1,100
635,29,0.4140002000001459,4389.473375799049,18043.0,600,0.1,100
636,30,0.42747080000003734,4389.473375799049,18644.0,600,0.1,100
637,31,0.44074700000010125,4389.473375799049,19245.0,600,0.1,100
638,32,0.45423470000014277,4389.473375799049,19846.0,600,0.1,100
639,33,0.4674747000001389,4389.473375799049,20447.0,600,0.1,100
640,34,0.4807033000001866,4389.473375799049,21048.0,600,0.1,100
641,35,0.49363149999999223,4389.473375799049,21649.0,600,0.1,100
642,36,0.5069998000001306,4389.656425439092,22251.0,600,0.1,100
643,37,0.5202077000001282,4389.656425439092,22852.0,600,0.1,100
644,38,0.5333241000000726,4405.712112553976,23454.0,600,0.1,100
645,39,0.5527822999999898,4426.734385949605,24056.0,600,0.1,100
646,40,0.5682054999999764,4426.734385949605,24657.0,600,0.1,100
647,41,0.5829972000001362,4450.780691384875,25259.0,600,0.1,100
648,42,0.597296500000084,4450.780691384875,25860.0,600,0.1,100
649,43,0.6099077000001216,4466.464481322613,26462.0,600,0.1,100
650,44,0.6237148000000161,4466.464481322613,27063.0,600,0.1,100
651,45,0.6380321999999978,4466.464481322613,27664.0,600,0.1,100
652,46,0.652352700000165,4466.464481322613,28265.0,600,0.1,100
653,47,0.6653060000001005,4466.464481322613,28866.0,600,0.1,100
654,48,0.6778822000001128,4467.6559379886985,29468.0,600,0.1,100
655,49,0.690887800000155,4483.443783841703,30070.0,600,0.1,100
656,50,0.7039548000000195,4487.838834282483,30672.0,600,0.1,100
657,51,0.7170941000001676,4489.714061598696,31274.0,600,0.1,100
658,52,0.7303306999999677,4501.917110015524,31876.0,600,0.1,100
659,53,0.7440139000000272,4524.7534506826105,32478.0,600,0.1,100
660,54,0.7585028000000875,4531.3303366661685,33080.0,600,0.1,100
661,55,0.7728315000001658,4531.3303366661685,33681.0,600,0.1,100
662,56,0.7862714000000324,4541.20854714332,34283.0,600,0.1,100
663,57,0.8049782000000505,4554.871614688896,34885.0,600,0.1,100
664,58,0.8204718000001776,4562.349007021739,35487.0,600,0.1,100
665,59,0.8345123000001422,4562.349007021739,36088.0,600,0.1,100
666,60,0.8487176000001,4568.713915209376,36690.0,600,0.1,100
667,61,0.8626386000000821,4583.303519556073,37292.0,600,0.1,100
668,62,0.876080500000171,4583.303519556073,37893.0,600,0.1,100
669,63,0.8899135000001479,4610.036606955959,38495.0,600,0.1,100
670,64,0.9049863000000187,4610.036606955959,39096.0,600,0.1,100
671,65,0.9184972000000471,4610.036606955959,39697.0,600,0.1,100
672,66,0.9323891999999887,4610.036606955959,40298.0,600,0.1,100
673,67,0.9460261000001537,4610.036606955959,40899.0,600,0.1,100
674,68,0.9598541000000296,4626.654976241167,41501.0,600,0.1,100
675,69,0.975138200000174,4626.654976241167,42102.0,600,0.1,100
676,70,0.9887633000000733,4649.521034597197,42704.0,600,0.1,100
677,71,1.0018948000001728,4649.521034597197,43305.0,600,0.1,100
678,72,1.016377700000021,4649.521034597197,43906.0,600,0.1,100
679,73,1.0296135000000959,4649.521034597197,44507.0,600,0.1,100
680,74,1.0437301000001753,4649.521034597197,45108.0,600,0.1,100
681,75,1.062711100000115,4649.521034597197,45709.0,600,0.1,100
682,76,1.0813596000000416,4649.521034597197,46310.0,600,0.1,100
683,77,1.0983448000001772,4649.995505844034,46912.0,600,0.1,100
684,78,1.1141096000001198,4669.005435697236,47514.0,600,0.1,100
685,79,1.127162300000009,4671.500314473114,48116.0,600,0.1,100
686,80,1.1405378000001747,4671.500314473114,48717.0,600,0.1,100
687,81,1.1539592999999968,4677.784866890249,49319.0,600,0.1,100
688,82,1.1673729999999978,4677.784866890249,49920.0,600,0.1,100
689,83,1.180721100000028,4677.784866890249,50521.0,600,0.1,100
690,84,1.1936686999999893,4703.687963464541,51123.0,600,0.1,100
691,85,1.2069698000000244,4715.632733674834,51725.0,600,0.1,100
692,86,1.2286945000000742,4718.033516655825,52327.0,600,0.1,100
693,87,1.2422017000001233,4718.033516655825,52928.0,600,0.1,100
694,88,1.2552824000001692,4718.033516655825,53529.0,600,0.1,100
695,89,1.26832370000011,4718.033516655825,54130.0,600,0.1,100
696,90,1.2884802000000946,4718.033516655825,54731.0,600,0.1,100
697,91,1.3049126000000797,4728.483856733963,55333.0,600,0.1,100
698,92,1.3262756000001445,4733.295591804937,55935.0,600,0.1,100
699,93,1.3427761000000373,4733.295591804937,56536.0,600,0.1,100
700,94,1.3562540000000354,4733.295591804937,57137.0,600,0.1,100
701,95,1.369856400000117,4733.295591804937,57738.0,600,0.1,100
702,96,1.3836750000000393,4733.295591804937,58339.0,600,0.1,100
703,97,1.3977329000001646,4733.295591804937,58940.0,600,0.1,100
704,98,1.4115513000001556,4733.295591804937,59541.0,600,0.1,100
705,99,1.4257893000001332,4733.295591804937,60142.0,600,0.1,100
706,100,1.4397930000000088,4733.295591804937,60743.0,600,0.1,100
707,0,0.007252000000107728,3696.564717891505,600.0,600,0.25,100
708,1,0.03011970000011388,3944.8497202970143,1202.0,600,0.25,100
709,2,0.04257550000011179,3951.3572699708893,1804.0,600,0.25,100
710,3,0.05530280000016319,3951.3572699708893,2405.0,600,0.25,100
711,4,0.06913830000007692,3962.888501495836,3007.0,600,0.25,100
712,5,0.08248410000010153,3962.888501495836,3608.0,600,0.25,100
713,6,0.09518479999996998,3983.0485888614003,4210.0,600,0.25,100
714,7,0.1083997000000636,4015.8383077722383,4812.0,600,0.25,100
715,8,0.12341650000007576,4029.66268694199,5414.0,600,0.25,100
716,9,0.13929720000010093,4044.217440638232,6016.0,600,0.25,100
717,10,0.15442640000014762,4056.3287757214043,6618.0,600,0.25,100
718,11,0.16924500000004628,4071.9364356097744,7220.0,600,0.25,100
719,12,0.1825228000000152,4071.9364356097744,7821.0,600,0.25,100
720,13,0.19544130000008408,4121.649998418573,8423.0,600,0.25,100
721,14,0.20877459999996972,4121.649998418573,9024.0,600,0.25,100
722,15,0.22212950000016463,4121.649998418573,9625.0,600,0.25,100
723,16,0.23537110000006578,4136.812088844215,10227.0,600,0.25,100
724,17,0.24847350000004553,4136.812088844215,10828.0,600,0.25,100
725,18,0.2613926999999876,4136.812088844215,11429.0,600,0.25,100
726,19,0.27497440000001916,4188.972154753785,12031.0,600,0.25,100
727,20,0.28856370000016796,4216.856582088867,12633.0,600,0.25,100
728,21,0.3021400000000085,4216.856582088867,13234.0,600,0.25,100
729,22,0.31562810000013997,4216.856582088867,13835.0,600,0.25,100
730,23,0.3287677000000713,4247.859834015218,14437.0,600,0.25,100
731,24,0.3476382999999714,4247.859834015218,15038.0,600,0.25,100
732,25,0.36053830000014386,4261.267335173228,15640.0,600,0.25,100
733,26,0.3739256999999725,4261.267335173228,16241.0,600,0.25,100
734,27,0.38729570000009517,4261.267335173228,16842.0,600,0.25,100
735,28,0.4005984000000353,4261.267335173228,17443.0,600,0.25,100
736,29,0.4140002000001459,4273.299566374017,18045.0,600,0.25,100
737,30,0.42747080000003734,4317.161548129978,18647.0,600,0.25,100
738,31,0.44074700000010125,4353.340217185869,19249.0,600,0.25,100
739,32,0.45423470000014277,4353.340217185869,19850.0,600,0.25,100
740,33,0.4674747000001389,4353.340217185869,20451.0,600,0.25,100
741,34,0.4807033000001866,4371.718879531312,21053.0,600,0.25,100
742,35,0.49363149999999223,4371.718879531312,21654.0,600,0.25,100
743,36,0.5069998000001306,4371.718879531312,22255.0,600,0.25,100
744,37,0.5202077000001282,4371.718879531312,22856.0,600,0.25,100
745,38,0.5333241000000726,4392.557412497907,23458.0,600,0.25,100
746,39,0.5527822999999898,4392.557412497907,24059.0,600,0.25,100
747,40,0.5682054999999764,4399.992486919593,24661.0,600,0.25,100
748,41,0.5829972000001362,4420.71761023175,25263.0,600,0.25,100
749,42,0.597296500000084,4420.71761023175,25864.0,600,0.25,100
750,43,0.6099077000001216,4448.078917528386,26466.0,600,0.25,100
751,44,0.6237148000000161,4448.078917528386,27067.0,600,0.25,100
752,45,0.6380321999999978,4472.680652386218,27669.0,600,0.25,100
753,46,0.652352700000165,4472.680652386218,28270.0,600,0.25,100
754,47,0.6653060000001005,4472.680652386218,28871.0,600,0.25,100
755,48,0.6778822000001128,4472.680652386218,29472.0,600,0.25,100
756,49,0.690887800000155,4472.680652386218,30073.0,600,0.25,100
757,50,0.7039548000000195,4472.680652386218,30674.0,600,0.25,100
758,51,0.7170941000001676,4489.072057227882,31276.0,600,0.25,100
759,52,0.7303306999999677,4489.072057227882,31877.0,600,0.25,100
760,53,0.7440139000000272,4489.072057227882,32478.0,600,0.25,100
761,54,0.7585028000000875,4521.859690665315,33080.0,600,0.25,100
762,55,0.7728315000001658,4521.859690665315,33681.0,600,0.25,100
763,56,0.7862714000000324,4525.638636934307,34283.0,600,0.25,100
764,57,0.8049782000000505,4536.701378410678,34885.0,600,0.25,100
765,58,0.8204718000001776,4536.701378410678,35486.0,600,0.25,100
766,59,0.8345123000001422,4537.117331983882,36088.0,600,0.25,100
767,60,0.8487176000001,4542.031423621087,36690.0,600,0.25,100
768,61,0.8626386000000821,4549.129776919828,37292.0,600,0.25,100
769,62,0.876080500000171,4549.129776919828,37893.0,600,0.25,100
770,63,0.8899135000001479,4575.544015645235,38495.0,600,0.25,100
771,64,0.9049863000000187,4575.544015645235,39096.0,600,0.25,100
772,65,0.9184972000000471,4575.544015645235,39697.0,600,0.25,100
773,66,0.9323891999999887,4580.301344963152,40299.0,600,0.25,100
774,67,0.9460261000001537,4588.045812960664,40901.0,600,0.25,100
775,68,0.9598541000000296,4602.440699478173,41503.0,600,0.25,100
776,69,0.975138200000174,4602.440699478173,42104.0,600,0.25,100
777,70,0.9887633000000733,4655.364643340797,42706.0,600,0.25,100
778,71,1.0018948000001728,4655.364643340797,43307.0,600,0.25,100
779,72,1.016377700000021,4655.364643340797,43908.0,600,0.25,100
780,73,1.0296135000000959,4655.364643340797,44509.0,600,0.25,100
781,74,1.0437301000001753,4655.364643340797,45110.0,600,0.25,100
782,75,1.062711100000115,4655.364643340797,45711.0,600,0.25,100
783,76,1.0813596000000416,4655.364643340797,46312.0,600,0.25,100
784,77,1.0983448000001772,4655.364643340797,46913.0,600,0.25,100
785,78,1.1141096000001198,4655.364643340797,47514.0,600,0.25,100
786,79,1.127162300000009,4659.430911644027,48116.0,600,0.25,100
787,80,1.1405378000001747,4661.567500520952,48718.0,600,0.25,100
788,81,1.1539592999999968,4661.567500520952,49319.0,600,0.25,100
789,82,1.1673729999999978,4662.0568552705,49921.0,600,0.25,100
790,83,1.180721100000028,4662.0568552705,50522.0,600,0.25,100
791,84,1.1936686999999893,4671.098777391901,51124.0,600,0.25,100
792,85,1.2069698000000244,4691.752421112458,51726.0,600,0.25,100
793,86,1.2286945000000742,4691.752421112458,52327.0,600,0.25,100
794,87,1.2422017000001233,4691.752421112458,52928.0,600,0.25,100
795,88,1.2552824000001692,4694.61587938637,53530.0,600,0.25,100
796,89,1.26832370000011,4694.61587938637,54131.0,600,0.25,100
797,90,1.2884802000000946,4701.836091824763,54733.0,600,0.25,100
798,91,1.3049126000000797,4701.836091824763,55334.0,600,0.25,100
799,92,1.3262756000001445,4706.035471505207,55936.0,600,0.25,100
800,93,1.3427761000000373,4742.270012276039,56538.0,600,0.25,100
801,94,1.3562540000000354,4742.270012276039,57139.0,600,0.25,100
802,95,1.369856400000117,4742.270012276039,57740.0,600,0.25,100
803,96,1.3836750000000393,4742.270012276039,58341.0,600,0.25,100
804,97,1.3977329000001646,4745.961991073501,58943.0,600,0.25,100
805,98,1.4115513000001556,4745.961991073501,59544.0,600,0.25,100
806,99,1.4257893000001332,4745.961991073501,60145.0,600,0.25,100
807,100,1.4397930000000088,4745.961991073501,60746.0,600,0.25,100
808,0,0.007252000000107728,3696.564717891505,600.0,600,0.5,100
809,1,0.03011970000011388,3944.8497202970143,1202.0,600,0.5,100
810,2,0.04257550000011179,3944.8497202970143,1803.0,600,0.5,100
811,3,0.05530280000016319,3944.8497202970143,2404.0,600,0.5,100
812,4,0.06913830000007692,3945.825050465372,3006.0,600,0.5,100
813,5,0.08248410000010153,3971.090609630331,3608.0,600,0.5,100
814,6,0.09518479999996998,3971.090609630331,4209.0,600,0.5,100
815,7,0.1083997000000636,4047.207979595929,4811.0,600,0.5,100
816,8,0.12341650000007576,4047.207979595929,5412.0,600,0.5,100
817,9,0.13929720000010093,4047.207979595929,6013.0,600,0.5,100
818,10,0.15442640000014762,4047.207979595929,6614.0,600,0.5,100
819,11,0.16924500000004628,4047.207979595929,7215.0,600,0.5,100
820,12,0.1825228000000152,4047.207979595929,7816.0,600,0.5,100
821,13,0.19544130000008408,4047.207979595929,8417.0,600,0.5,100
822,14,0.20877459999996972,4127.903073149567,9019.0,600,0.5,100
823,15,0.22212950000016463,4127.903073149567,9620.0,600,0.5,100
824,16,0.23537110000006578,4127.903073149567,10221.0,600,0.5,100
825,17,0.24847350000004553,4150.544062236969,10823.0,600,0.5,100
826,18,0.2613926999999876,4150.544062236969,11424.0,600,0.5,100
827,19,0.27497440000001916,4152.827366589934,12026.0,600,0.5,100
828,20,0.28856370000016796,4160.948887162092,12628.0,600,0.5,100
829,21,0.3021400000000085,4190.064643913463,13230.0,600,0.5,100
830,22,0.31562810000013997,4190.064643913463,13831.0,600,0.5,100
831,23,0.3287677000000713,4199.24391715527,14433.0,600,0.5,100
832,24,0.3476382999999714,4199.24391715527,15034.0,600,0.5,100
833,25,0.36053830000014386,4251.861665274351,15636.0,600,0.5,100
834,26,0.3739256999999725,4251.861665274351,16237.0,600,0.5,100
835,27,0.38729570000009517,4258.371946118332,16839.0,600,0.5,100
836,28,0.4005984000000353,4258.371946118332,17440.0,600,0.5,100
837,29,0.4140002000001459,4261.931709595616,18042.0,600,0.5,100
838,30,0.42747080000003734,4356.001780859517,18644.0,600,0.5,100
839,31,0.44074700000010125,4356.001780859517,19245.0,600,0.5,100
840,32,0.45423470000014277,4356.001780859517,19846.0,600,0.5,100
841,33,0.4674747000001389,4356.001780859517,20447.0,600,0.5,100
842,34,0.4807033000001866,4356.001780859517,21048.0,600,0.5,100
843,35,0.49363149999999223,4370.064311657532,21650.0,600,0.5,100
844,36,0.5069998000001306,4370.064311657532,22251.0,600,0.5,100
845,37,0.5202077000001282,4370.064311657532,22852.0,600,0.5,100
846,38,0.5333241000000726,4370.257568766898,23454.0,600,0.5,100
847,39,0.5527822999999898,4370.257568766898,24055.0,600,0.5,100
848,40,0.5682054999999764,4404.152918095064,24657.0,600,0.5,100
849,41,0.5829972000001362,4475.815631398395,25259.0,600,0.5,100
850,42,0.597296500000084,4475.815631398395,25860.0,600,0.5,100
851,43,0.6099077000001216,4475.815631398395,26461.0,600,0.5,100
852,44,0.6237148000000161,4475.815631398395,27062.0,600,0.5,100
853,45,0.6380321999999978,4475.815631398395,27663.0,600,0.5,100
854,46,0.652352700000165,4475.815631398395,28264.0,600,0.5,100
855,47,0.6653060000001005,4475.815631398395,28865.0,600,0.5,100
856,48,0.6778822000001128,4475.815631398395,29466.0,600,0.5,100
857,49,0.690887800000155,4475.815631398395,30067.0,600,0.5,100
858,50,0.7039548000000195,4475.815631398395,30668.0,600,0.5,100
859,51,0.7170941000001676,4475.815631398395,31269.0,600,0.5,100
860,52,0.7303306999999677,4475.815631398395,31870.0,600,0.5,100
861,53,0.7440139000000272,4515.564809132993,32472.0,600,0.5,100
862,54,0.7585028000000875,4515.564809132993,33073.0,600,0.5,100
863,55,0.7728315000001658,4515.564809132993,33674.0,600,0.5,100
864,56,0.7862714000000324,4515.564809132993,34275.0,600,0.5,100
865,57,0.8049782000000505,4519.469116929904,34877.0,600,0.5,100
866,58,0.8204718000001776,4519.469116929904,35478.0,600,0.5,100
867,59,0.8345123000001422,4519.469116929904,36079.0,600,0.5,100
868,60,0.8487176000001,4519.469116929904,36680.0,600,0.5,100
869,61,0.8626386000000821,4540.387958033395,37282.0,600,0.5,100
870,62,0.876080500000171,4540.387958033395,37883.0,600,0.5,100
871,63,0.8899135000001479,4540.387958033395,38484.0,600,0.5,100
872,64,0.9049863000000187,4561.211731465933,39086.0,600,0.5,100
873,65,0.9184972000000471,4561.211731465933,39687.0,600,0.5,100
874,66,0.9323891999999887,4564.58213198676,40289.0,600,0.5,100
875,67,0.9460261000001537,4567.148503761911,40891.0,600,0.5,100
876,68,0.9598541000000296,4637.067544068034,41493.0,600,0.5,100
877,69,0.975138200000174,4637.067544068034,42094.0,600,0.5,100
878,70,0.9887633000000733,4637.067544068034,42695.0,600,0.5,100
879,71,1.0018948000001728,4637.067544068034,43296.0,600,0.5,100
880,72,1.016377700000021,4637.067544068034,43897.0,600,0.5,100
881,73,1.0296135000000959,4637.067544068034,44498.0,600,0.5,100
882,74,1.0437301000001753,4637.067544068034,45099.0,600,0.5,100
883,75,1.062711100000115,4682.028492605754,45701.0,600,0.5,100
884,76,1.0813596000000416,4682.028492605754,46302.0,600,0.5,100
885,77,1.0983448000001772,4682.028492605754,46903.0,600,0.5,100
886,78,1.1141096000001198,4682.028492605754,47504.0,600,0.5,100
887,79,1.127162300000009,4682.028492605754,48105.0,600,0.5,100
888,80,1.1405378000001747,4682.028492605754,48706.0,600,0.5,100
889,81,1.1539592999999968,4682.028492605754,49307.0,600,0.5,100
890,82,1.1673729999999978,4682.028492605754,49908.0,600,0.5,100
891,83,1.180721100000028,4682.028492605754,50509.0,600,0.5,100
892,84,1.1936686999999893,4682.028492605754,51110.0,600,0.5,100
893,85,1.2069698000000244,4682.028492605754,51711.0,600,0.5,100
894,86,1.2286945000000742,4684.824195936261,52313.0,600,0.5,100
895,87,1.2422017000001233,4696.980143982442,52915.0,600,0.5,100
896,88,1.2552824000001692,4696.980143982442,53516.0,600,0.5,100
897,89,1.26832370000011,4699.543934630898,54118.0,600,0.5,100
898,90,1.2884802000000946,4699.543934630898,54719.0,600,0.5,100
899,91,1.3049126000000797,4703.788775506619,55321.0,600,0.5,100
900,92,1.3262756000001445,4709.91582456877,55923.0,600,0.5,100
901,93,1.3427761000000373,4709.91582456877,56524.0,600,0.5,100
902,94,1.3562540000000354,4716.890904638742,57126.0,600,0.5,100
903,95,1.369856400000117,4724.870710282679,57728.0,600,0.5,100
904,96,1.3836750000000393,4724.870710282679,58329.0,600,0.5,100
905,97,1.3977329000001646,4724.870710282679,58930.0,600,0.5,100
906,98,1.4115513000001556,4734.874980383693,59532.0,600,0.5,100
907,99,1.4257893000001332,4734.874980383693,60133.0,600,0.5,100
908,100,1.4397930000000088,4746.379522781156,60735.0,600,0.5,100
